"Organização";"Nome";"Descrição";"Tags";"Quantidade Recursos";"Quantidade Reusos";"Quantidade Downloads"
"MPA - Ministério da Pesca e Aquicultura";"Base de Dados da Sardinha-verdadeira";"Os registros desta base são coletados através do sistema LECOM, plataforma que monitora e gerência informações advindas de empresas pesqueiras.

Esta base contém dados de comercialização de sardinha-verdadeira em empresas pesqueiras, incluindo metadados código, data do relatório, espécie, captura (kg) e valor R$/kg.";"Indústria de Pesca,Pesca,Pesca Industrial";"2";"0";"270"
"MPA - Ministério da Pesca e Aquicultura";"Base de Dados das Embarcações Pesqueiras com Certificações Higiênico-Sanitárias";"Relação de embarcações certificadas, em atendimento a critérios e requisitos higiênico-sanitários que fornecem pescado para o processamento industrial de produtos da pesca destinados ao mercado nacional e internacional, e/ou mercados específicos (União Europeia e Reino Unido), estabelecidos, respectivamente, pela Portaria SAP-MAPA nº 310, de 24 de dezembro de 2020 e alteração e Portaria MPA nº 75, de 26 de maio de 2023 e alteração.";"Certificado,Embarcação primária de Pesca,Higiênico-Sanitárias,Pesca";"3";"0";"340"
"MPA - Ministério da Pesca e Aquicultura";"Base de dados Mapas de Bordo";"Contém dados de mapas de bordo da Instrução Normativa MPA/MMA n°10, de 10 de junho de 2011, incluindo metadados como id do mapa de bordo, porto de saída/ chegada, data de saída/chegada, nome da embarcação, RGP, código INI, UF, comprimento e TIE.";"Cruzeiro de Pesca,Embarcação de Pesca,Mapa de Bordo,Pesca,Pesca Artesanal,Pesca Industrial,pescador";"2";"0";"253"
"MPA - Ministério da Pesca e Aquicultura";"Base de dados das Autorizações das Embarcações de Pesca";"Esta base de dados contém dados de embarcações de pesca autorizadas no Sistema Informatizado do Registro Geral da Atividade Pesqueira (SisRGP), incluindo metadados como nome da embarcação, número de Inscrição no RGP (PPP ou RAEP), número de inscrição na Marinha do Brasil, AB, Comprimento, Propulsão, HP, capacidade do porão, volume do tanque, tripulação, número de covos, UF, número da frota, código IN e Petrecho.";"Extrativismo e Pesca,Frota de Embarcações,Pesca";"2";"0";"536"
"MPA - Ministério da Pesca e Aquicultura";"Base de dados de Registros de Aquicultores";"Contém dados de aquicultores no Sistema Informatizado do Registro Geral da Atividade Pesqueira (SisRGP), incluindo metadados como nome /razão social, número no RGP, sistema de cultivo, tipo de atividade, cidade/UF, UF, tipo de registro e gênero.";"Aquicultura,indicadores aquicultura";"2";"0";"502"
"MPA - Ministério da Pesca e Aquicultura";"Base de dados de Registros de Armadores de pesca";"Contém dados dos armadores de pesca no Sistema Informatizado do Registro Geral da Atividade Pesqueira (SisRGP), incluindo metadados como nome /razão social, vínculo com o RGP, número no RGP, cidade, UF e tipo de pessoa.";"Armadores de Pesca,Embarcações de Pesca,Indústria de Pesca";"2";"0";"215"
"MPA - Ministério da Pesca e Aquicultura";"Base de dados de Registros de Empresas Pesqueiras";"Contém dados de empresas pesqueiras no Sistema Informatizado do Registro Geral da Atividade Pesqueira (SisRGP), incluindo metadados como nome /razão social, vínculo com o RGP, número no RGP, cidade, UF e tipo de pessoa.";"Aquicultura,Empresa Pesqueira,Pesca";"2";"0";"431"
"MPA - Ministério da Pesca e Aquicultura";"Base de dados de captura da espécie Pargo";"Contém informações extraídas dos mapas de bordo das frotas 1.8, 1.9 e 1.10, incluindo metadados como id mapa de bordo, nome da embarcação, data de saída, data de chegada, ano, código in, espécie e produção (t).";"Embarcações de Pesca,Pargo,Pesca,Pescador,Recurso Pesqueiro";"2";"0";"261"
"MPA - Ministério da Pesca e Aquicultura";"Base de dados de captura da espécie Tainha";"Contém dados de mapas de bordo das frotas 1.8, 1.9 e 1.10 na Instrução Normativa MPA/MMA n°10, de 10 de junho de 2011, incluindo metadados como id mapa de bordo, nome da embarcação, data de saída, data de chegada, ano, código in, espécie e produção (t).";"Embarcação de Pesca,Empresa Pesqueira,Industria,Pesca,Pescador,Recurso Pesqueiro,Tainha";"4";"0";"332"
"MPA - Ministério da Pesca e Aquicultura";"Base de dados dos Registros de Pescadores e Pescadoras Profissionais";"Contém dados de pescadores registrados no PesqBrasil Pescador e Pescadora Profissional, incluindo metadados como CPF (tarjado), nome do pescador, tipo data de nascimento, nível escolaridade, tipo alfabetização, sexo, categoria, forma de atuação, UF e município.";"Pesca,Pescador industrial,pescador artesanal";"28";"1";"2737"
"MPA - Ministério da Pesca e Aquicultura";"Dados de Cessões de Uso em Águas da União";"Planilha com as informações de todos os contratos de cessão que são firmados com pessoas físicas ou jurídicas que solicitaram espaços físicos em águas da União para fins de aquicultura. Esses dados são atualizados mensalmente, e são retirados do SINAU (Sistema Nacional das Autoriazações de Uso para fins de Aquicultura em Águas da União";"Aquicultura,Piscicultura,indicadores aquicultura,Águas da União";"2";"0";"200"
"MPA - Ministério da Pesca e Aquicultura";"Declarações de Estoque";"Contém dados de declarações de estoque recepcionadas pelo MPA durante o período de vigência do instrumento de monitoramento, incluindo metadados como data de envio, tipo de pessoa, estado, município, local de armazenamento.";"Aquicultura,Pesca,Recursos Pesqueiros";"4";"0";"267"
"MPA - Ministério da Pesca e Aquicultura";"Lista de produção de Piscicultura em Águas da União";"Lista com as infomações da piscicultura em águas da união que contém os dados de produção regularizados por ano a partir de 2019 e as informações declaradas pelos cessionários através do relatório anual de produção no mesmo período.";"Aquicultura,Piscicultura,indicadores aquicultura,Águas da União";"2";"0";"341"
"MPA - Ministério da Pesca e Aquicultura";"Lista de produção de algas em águas da união";"Dados extraídos do Relatório Anual de Produção que é apresentado anualmente pelos cessionários considerando o intervalo entre 1º de janeiro e 31 de dezembro do ano de referência do relatório. Os dados são referentes a produção de algas em Águas da União.";"Aquicultura,algas,maricultura,Águas da União";"2";"0";"121"
"MPA - Ministério da Pesca e Aquicultura";"Lista de produção de moluscos em águas da união";"Dados extraídos do Relatório Anual de Produção que é apresentado anualmente pelos cessionários considerando o intervalo entre 1º de janeiro e 31 de dezembro do ano de referência do relatório. Possui os dados de produção referente aos moluscos produzidos em Águas da União.";"Aquicultura,maricultura,moluscos,Águas da União";"2";"0";"218"
"MPA - Ministério da Pesca e Aquicultura";"Listagem dos períodos de defesos vigentes de âmbito federal";"Os dados apresentam informações dos atos normativos que estabelecem os períodos de defesos de âmbito federal, detalhando o ambiente, espécie, área de abrangência, bem como o início e término da paralisação temporária da pesca para a preservação das espécies.";"Continental,Costeiro-Marinha,Gestão Pesqueira ,Períodos de Defeso,Pesca,Pesca Artesanal,Pesca Industrial,Recursos Pesqueiros";"2";"0";"392"
"MPA - Ministério da Pesca e Aquicultura";"Relação de Certificados de Acreditação de Origem Legal - CAOL";"Dados com informações de produtos pesqueiros certificados com a finalidade de exportação, como: quantidade de recurso exportado, região solicitante, país importador, tipo de produto e espécie utilizada, provindos do sistema de emissão Certificado de Acreditação de Origem Legal - CAOL, da Plataforma Nacional da Indústria do Pescado.";"CAOL,Certificado,Certificado de Acreditação de Origem Legal,Embarcação de Pesca,Exportação,Origem Legal,Pesca";"2";"0";"242"
"MPA - Ministério da Pesca e Aquicultura";"Relação dos participantes do programa de subvenção econômica ao preço do óleo diesel para embarcações pesqueiras";"Dados de cadastro de fornecedores, beneficiários e embarcações que tem participação no programa de subvenção econômica ao preço do óleo diesel para embarcações pesqueiras, provindos do Sistema do Programa de Subvenção Econômica ao Preço do Óleo Diesel para Embarcações Pesqueiras.";"Embarcação de Pesca,Subvenção Econômica,óleo diesel";"3";"0";"196"
