id_estomago,nome_popular,especie_predador,genero_predador,localidade,trecho_rio,periodo_hidrologico,mes,ano,comprimento_padrao_cm,peso_g,grau_replecao,volume_total_original_pct,volume_reescalonado_100,volume_peixe_nao_identificado_pct,volume_restos_peixe_pct,volume_ordens_peixes_pct,volume_familias_peixes_pct,volume_peixes_identificados_pct,volume_invertebrados_pct,volume_total_dieta_pct,riqueza_itens_alimentares,item_dominante_original,volume_item_dominante_pct,dieta_mista
BM001,babao,Brachyplatystoma platynemum,Brachyplatystoma,São Carlos,downriver Santo Antonio rapid,cheia,dezembro,2009,69.0,3000.0,2,100.0,False,0.0,0.0,0.0,0.0,100.0,0.0,100.0,1,Triportheus  spp.,100.0,False
BM002,babao,Brachyplatystoma platynemum,Brachyplatystoma,São Carlos,downriver Santo Antonio rapid,cheia,dezembro,2009,59.0,2000.0,2,100.0,False,0.0,0.0,0.0,0.0,100.0,0.0,100.0,1,Triportheus  spp.,100.0,False
BM003,babao,Brachyplatystoma platynemum,Brachyplatystoma,São Carlos,downriver Santo Antonio rapid,cheia,dezembro,2009,72.0,4000.0,3,100.0,False,0.0,0.0,0.0,0.0,100.0,0.0,100.0,1,Triportheus  spp.,100.0,False
BM004,babao,Brachyplatystoma platynemum,Brachyplatystoma,Cachoeira do Macaco,between Santo Antonio and Jirau rapids,vazante_seca,junho,2009,57.0,2000.0,1,100.0,False,0.0,0.0,100.0,0.0,0.0,0.0,100.0,1,Siluriformes,100.0,False
BM005,babao,Brachyplatystoma platynemum,Brachyplatystoma,Cachoeira do Macaco,between Santo Antonio and Jirau rapids,vazante_seca,junho,2009,47.0,2000.0,2,100.0,False,0.0,0.0,100.0,0.0,0.0,0.0,100.0,1,Gymnotyformes,100.0,False
BM006,filhote,Brachyplatystoma filamentosum,Brachyplatystoma,Jaciparaná,between Santo Antonio and Jirau rapids,vazante_seca,setembro,2009,89.0,10000.0,1,100.0,False,0.0,0.0,0.0,0.0,100.0,0.0,100.0,1,Curimatella meyeri,100.0,False
BM007,filhote,Brachyplatystoma filamentosum,Brachyplatystoma,Cachoeira do Teotônio,between Santo Antonio and Jirau rapids,vazante_seca,julho,2009,119.0,24000.0,2,100.0,False,0.0,0.0,0.0,0.0,100.0,0.0,100.0,1,Cetopsis coecutiens,100.0,False
BM008,filhote,Brachyplatystoma filamentosum,Brachyplatystoma,São Carlos,downriver Santo Antonio rapid,vazante_seca,agosto,2009,82.0,8000.0,3,100.0,False,0.0,0.0,0.0,0.0,100.0,0.0,100.0,1,Leporinus spp.,100.0,False
BM009,filhote,Brachyplatystoma filamentosum,Brachyplatystoma,Jaciparaná,between Santo Antonio and Jirau rapids,vazante_seca,junho,2009,74.0,4700.0,1,100.0,False,0.0,0.0,0.0,0.0,100.0,0.0,100.0,1,Anodus spp.,100.0,False
BM010,filhote,Brachyplatystoma filamentosum,Brachyplatystoma,São Carlos,downriver Santo Antonio rapid,vazante_seca,maio,2009,97.0,14000.0,1,100.0,False,100.0,0.0,0.0,0.0,0.0,0.0,100.0,1,fish n.i.,100.0,False
BM011,filhote,Brachyplatystoma filamentosum,Brachyplatystoma,São Carlos,downriver Santo Antonio rapid,cheia,abril,2009,,17000.0,2,100.0,False,0.0,0.0,100.0,0.0,0.0,0.0,100.0,1,Siluriformes,100.0,False
BM012,filhote,Brachyplatystoma filamentosum,Brachyplatystoma,São Carlos,downriver Santo Antonio rapid,vazante_seca,setembro,2009,94.0,13800.0,3,100.0,False,0.0,0.0,0.0,0.0,100.0,0.0,100.0,1,Pterodoras granulosus,100.0,False
BM013,filhote,Brachyplatystoma filamentosum,Brachyplatystoma,São Carlos,downriver Santo Antonio rapid,cheia,dezembro,2009,123.0,30000.0,3,100.0,False,0.0,0.0,0.0,100.0,0.0,0.0,100.0,1,Myleinae,100.0,False
BM014,filhote,Brachyplatystoma filamentosum,Brachyplatystoma,São Carlos,downriver Santo Antonio rapid,cheia,dezembro,2009,94.0,13000.0,3,100.0,False,0.0,0.0,0.0,0.0,100.0,0.0,100.0,1,Mylossoma duriventre,100.0,False
BM015,filhote,Brachyplatystoma filamentosum,Brachyplatystoma,São Carlos,downriver Santo Antonio rapid,cheia,novembro,2009,87.0,11500.0,2,100.0,False,0.0,0.0,100.0,0.0,0.0,0.0,100.0,1,Characiformes,100.0,False
BM016,dourada,Brachyplatystoma rousseauxii,Brachyplatystoma,Cachoeira do Teotônio,between Santo Antonio and Jirau rapids,vazante_seca,maio,2009,99.0,,1,100.0,False,100.0,0.0,0.0,0.0,0.0,0.0,100.0,1,fish n.i.,100.0,False
BM017,dourada,Brachyplatystoma rousseauxii,Brachyplatystoma,Cachoeira do Teotônio,between Santo Antonio and Jirau rapids,vazante_seca,maio,2009,79.0,,1,100.0,False,100.0,0.0,0.0,0.0,0.0,0.0,100.0,1,fish n.i.,100.0,False
BM018,dourada,Brachyplatystoma rousseauxii,Brachyplatystoma,São Carlos,downriver Santo Antonio rapid,vazante_seca,agosto,2009,85.0,10000.0,3,100.0,False,0.0,0.0,0.0,0.0,100.0,0.0,100.0,1,Hypophthalmus marginatus,100.0,False
BM019,dourada,Brachyplatystoma rousseauxii,Brachyplatystoma,São Carlos,downriver Santo Antonio rapid,vazante_seca,agosto,2009,82.0,9000.0,3,100.0,False,0.0,0.0,0.0,0.0,100.0,0.0,100.0,1,Hypophthalmus marginatus,100.0,False
BM020,dourada,Brachyplatystoma rousseauxii,Brachyplatystoma,São Carlos,downriver Santo Antonio rapid,vazante_seca,setembro,2009,82.0,8000.0,3,100.0,False,0.0,0.0,0.0,0.0,100.0,0.0,100.0,1,Hypophthalmus marginatus,100.0,False
BM021,dourada,Brachyplatystoma rousseauxii,Brachyplatystoma,São Carlos,downriver Santo Antonio rapid,vazante_seca,setembro,2009,80.0,7500.0,3,100.0,False,0.0,0.0,0.0,0.0,100.0,0.0,100.0,1,Hypophthalmus marginatus,100.0,False
BM022,dourada,Brachyplatystoma rousseauxii,Brachyplatystoma,São Carlos,downriver Santo Antonio rapid,vazante_seca,agosto,2009,73.0,6000.0,2,100.0,False,0.0,0.0,100.0,0.0,0.0,0.0,100.0,1,Characiformes,100.0,False
BM023,dourada,Brachyplatystoma rousseauxii,Brachyplatystoma,São Carlos,downriver Santo Antonio rapid,cheia,abril,2009,,13000.0,2,100.0,False,0.0,0.0,0.0,100.0,0.0,0.0,100.0,1,Pimelodidae,100.0,False
BM024,dourada,Brachyplatystoma rousseauxii,Brachyplatystoma,São Carlos,downriver Santo Antonio rapid,cheia,dezembro,2009,76.0,6000.0,3,100.0,False,0.0,0.0,100.0,0.0,0.0,0.0,100.0,1,Gymnotyformes,100.0,False
BM025,dourada,Brachyplatystoma rousseauxii,Brachyplatystoma,Humaitá,downriver Santo Antonio rapid,cheia,dezembro,2009,,,1,100.0,False,55.0,0.0,0.0,0.0,0.0,45.0,100.0,2,fish n.i.,55.0,True
BM026,filhote,Brachyplatystoma filamentosum,Brachyplatystoma,Calama,downriver Santo Antonio rapid,vazante_seca,junho,2009,101.0,12000.0,3,100.0,False,0.0,0.0,0.0,0.0,100.0,0.0,100.0,1,Planiloricaria cryptodon,100.0,False
BM027,filhote,Brachyplatystoma filamentosum,Brachyplatystoma,Cachoeira do Macaco,between Santo Antonio and Jirau rapids,vazante_seca,junho,2009,98.0,6000.0,1,100.0,False,0.0,0.0,100.0,0.0,0.0,0.0,100.0,2,Siluriformes,80.0,True
BM028,filhote,Brachyplatystoma filamentosum,Brachyplatystoma,Calama,downriver Santo Antonio rapid,vazante_seca,junho,2009,90.0,9500.0,1,100.0,False,0.0,0.0,0.0,100.0,0.0,0.0,100.0,1,Doradidae,100.0,False
BM029,dourada,Brachyplatystoma rousseauxii,Brachyplatystoma,Cujubim Grande,downriver Santo Antonio rapid,vazante_seca,maio,2009,,13000.0,3,100.0,False,0.0,0.0,0.0,0.0,100.0,0.0,100.0,1,Cetopsis coecutiens,100.0,False
BM030,dourada,Brachyplatystoma rousseauxii,Brachyplatystoma,São Carlos,downriver Santo Antonio rapid,vazante_seca,setembro,2009,92.0,12000.0,3,100.0,False,0.0,0.0,0.0,0.0,100.0,0.0,100.0,1,Triportheus  spp.,100.0,False
BM031,filhote,Brachyplatystoma filamentosum,Brachyplatystoma,São Carlos,downriver Santo Antonio rapid,vazante_seca,outubro,2009,104.0,16000.0,3,100.0,False,0.0,0.0,0.0,100.0,0.0,0.0,100.0,1,Pimelodidae,100.0,False
BM032,filhote,Brachyplatystoma filamentosum,Brachyplatystoma,Cachoeira do Macaco,between Santo Antonio and Jirau rapids,vazante_seca,junho,2009,108.0,16000.0,1,100.0,False,0.0,0.0,100.0,0.0,0.0,0.0,100.0,1,Siluriformes,100.0,False
BM033,filhote,Brachyplatystoma filamentosum,Brachyplatystoma,Cachoeira do Macaco,between Santo Antonio and Jirau rapids,vazante_seca,junho,2009,113.0,18000.0,1,100.0,False,100.0,0.0,0.0,0.0,0.0,0.0,100.0,1,fish n.i.,100.0,False
BM034,dourada,Brachyplatystoma rousseauxii,Brachyplatystoma,Cachoeira do Macaco,between Santo Antonio and Jirau rapids,vazante_seca,junho,2009,87.0,6000.0,3,100.0,False,0.0,0.0,0.0,0.0,100.0,0.0,100.0,1,Triportheus angulatus,100.0,False
BM035,barbachata,Pinirampus pirinampu,Pinirampus,Cachoeira do Teotônio,between Santo Antonio and Jirau rapids,vazante_seca,julho,2009,41.0,1309.0,2,100.0,False,0.0,0.0,0.0,100.0,0.0,0.0,100.0,1,Myleinae,100.0,False
BM036,dourada,Brachyplatystoma rousseauxii,Brachyplatystoma,Calama,downriver Santo Antonio rapid,vazante_seca,setembro,2009,83.0,9000.0,2,100.0,False,0.0,0.0,0.0,0.0,100.0,0.0,100.0,1,Bryconops alburnoides,100.0,False
BM037,dourada,Brachyplatystoma rousseauxii,Brachyplatystoma,Calama,downriver Santo Antonio rapid,vazante_seca,setembro,2009,78.0,6000.0,3,100.0,False,0.0,0.0,0.0,0.0,100.0,0.0,100.0,3,Triportheus  spp.,40.0,True
BM038,caparari,Pseudoplatystoma tigrinum,Pseudoplatystoma,São Carlos,downriver Santo Antonio rapid,vazante_seca,outubro,2009,88.0,8000.0,3,100.0,False,0.0,0.0,50.0,0.0,50.0,0.0,100.0,2,Characiformes,50.0,True
BM039,surubim,Pseudoplatystoma punctifer,Pseudoplatystoma,Jaciparaná,between Santo Antonio and Jirau rapids,vazante_seca,agosto,2009,69.0,3500.0,3,100.0,False,0.0,0.0,0.0,0.0,100.0,0.0,100.0,1,Hoplosternum littorale,100.0,False
BM040,surubim,Pseudoplatystoma punctifer,Pseudoplatystoma,Cachoeira do Teotônio,between Santo Antonio and Jirau rapids,vazante_seca,maio,2009,71.0,4000.0,1,100.0,False,0.0,0.0,100.0,0.0,0.0,0.0,100.0,1,Characiformes,100.0,False
BM041,barbachata,Pinirampus pirinampu,Pinirampus,São Carlos,downriver Santo Antonio rapid,vazante_seca,outubro,2009,44.0,2000.0,3,100.0,False,0.0,0.0,100.0,0.0,0.0,0.0,100.0,1,Characiformes,100.0,False
BM042,babao,Brachyplatystoma platynemum,Brachyplatystoma,Calama,downriver Santo Antonio rapid,cheia,novembro,2009,43.0,480.0,1,100.0,False,0.0,0.0,100.0,0.0,0.0,0.0,100.0,1,Characiformes,100.0,False
BM043,surubim,Pseudoplatystoma punctifer,Pseudoplatystoma,Jaciparaná,between Santo Antonio and Jirau rapids,vazante_seca,agosto,2009,69.0,5000.0,3,100.0,False,0.0,0.0,0.0,100.0,0.0,0.0,100.0,1,Tetragonopterinae,100.0,False
BM044,surubim,Pseudoplatystoma punctifer,Pseudoplatystoma,Jaciparaná,between Santo Antonio and Jirau rapids,vazante_seca,setembro,2009,60.0,2500.0,2,100.0,False,0.0,0.0,0.0,0.0,100.0,0.0,100.0,1,Acestrorhynchus spp.,100.0,False
BM045,caparari,Pseudoplatystoma tigrinum,Pseudoplatystoma,São Carlos,downriver Santo Antonio rapid,vazante_seca,agosto,2009,77.0,6000.0,2,100.0,False,0.0,0.0,30.0,0.0,70.0,0.0,100.0,2,Potamorhina latior,70.0,True
BM046,caparari,Pseudoplatystoma tigrinum,Pseudoplatystoma,São Carlos,downriver Santo Antonio rapid,vazante_seca,agosto,2009,70.0,4000.0,2,100.0,False,0.0,0.0,100.0,0.0,0.0,0.0,100.0,1,Characiformes,100.0,False
BM047,surubim,Pseudoplatystoma punctifer,Pseudoplatystoma,São Carlos,downriver Santo Antonio rapid,vazante_seca,agosto,2009,74.0,5000.0,3,100.0,False,0.0,0.0,40.0,0.0,60.0,0.0,100.0,2,Mylossoma spp.,60.0,True
BM048,surubim,Pseudoplatystoma punctifer,Pseudoplatystoma,São Carlos,downriver Santo Antonio rapid,vazante_seca,agosto,2009,69.0,4000.0,2,100.0,False,0.0,0.0,0.0,100.0,0.0,0.0,100.0,1,Curimatidae,100.0,False
BM049,surubim,Pseudoplatystoma punctifer,Pseudoplatystoma,São Carlos,downriver Santo Antonio rapid,vazante_seca,agosto,2009,,,2,100.0,False,0.0,0.0,100.0,0.0,0.0,0.0,100.0,1,Characiformes,100.0,False
BM050,jau,Zungaro zungaro,Zungaro,Cachoeira do Teotônio,between Santo Antonio and Jirau rapids,vazante_seca,maio,2009,137.0,,3,100.0,False,0.0,0.0,0.0,0.0,100.0,0.0,100.0,1,Calophysus macropterus,100.0,False
BM051,surubim,Pseudoplatystoma punctifer,Pseudoplatystoma,Cachoeira do Teotônio,between Santo Antonio and Jirau rapids,vazante_seca,maio,2009,68.0,3500.0,2,100.0,False,0.0,0.0,0.0,0.0,100.0,0.0,100.0,1,Pimelodus spp.,100.0,False
BM052,barbachata,Pinirampus pirinampu,Pinirampus,Cachoeira do Teotônio,between Santo Antonio and Jirau rapids,vazante_seca,outubro,2009,442.0,1131.38,3,100.0,False,0.0,0.0,0.0,0.0,100.0,0.0,100.0,2,Pimelodina flavipinnis,50.0,True
BM053,barbachata,Pinirampus pirinampu,Pinirampus,Cachoeira do Teotônio,between Santo Antonio and Jirau rapids,vazante_seca,setembro,2009,44.0,1000.0,1,100.0,False,100.0,0.0,0.0,0.0,0.0,0.0,100.0,1,fish n.i.,100.0,False
BM054,barbachata,Pinirampus pirinampu,Pinirampus,Cachoeira do Teotônio,between Santo Antonio and Jirau rapids,vazante_seca,setembro,2009,50.0,1000.0,2,100.0,False,0.0,0.0,100.0,0.0,0.0,0.0,100.0,1,Clupeiformes,100.0,False
BM055,surubim,Pseudoplatystoma punctifer,Pseudoplatystoma,Humaitá,downriver Santo Antonio rapid,vazante_seca,outubro,2009,44.0,1000.0,3,100.0,False,0.0,0.0,0.0,0.0,50.0,50.0,100.0,2,Aphyocharax sp.,50.0,True
BM056,surubim,Pseudoplatystoma punctifer,Pseudoplatystoma,São Carlos,downriver Santo Antonio rapid,vazante_seca,agosto,2009,,,1,100.0,False,100.0,0.0,0.0,0.0,0.0,0.0,100.0,1,fish n.i.,100.0,False
BM057,barbachata,Pinirampus pirinampu,Pinirampus,Cachoeira do Teotônio,between Santo Antonio and Jirau rapids,vazante_seca,setembro,2009,50.0,2000.0,1,100.0,False,100.0,0.0,0.0,0.0,0.0,0.0,100.0,1,fish n.i.,100.0,False
BM058,piramutaba,Brachyplatystoma vaillantii,Brachyplatystoma,São Carlos,downriver Santo Antonio rapid,vazante_seca,agosto,2009,54.0,2000.0,3,100.0,False,0.0,0.0,0.0,0.0,100.0,0.0,100.0,1,Psectrogaster amazonica,100.0,False
BM059,piramutaba,Brachyplatystoma vaillantii,Brachyplatystoma,São Carlos,downriver Santo Antonio rapid,vazante_seca,agosto,2009,49.0,1300.0,2,100.0,False,0.0,0.0,0.0,0.0,100.0,0.0,100.0,1,Psectrogaster amazonica,100.0,False
BM060,piramutaba,Brachyplatystoma vaillantii,Brachyplatystoma,São Carlos,downriver Santo Antonio rapid,vazante_seca,agosto,2009,36.0,500.0,3,100.0,False,0.0,0.0,0.0,0.0,100.0,0.0,100.0,1,Curimatella meyeri,100.0,False
BM061,piramutaba,Brachyplatystoma vaillantii,Brachyplatystoma,Cachoeira do Macaco,between Santo Antonio and Jirau rapids,vazante_seca,junho,2009,50.0,2000.0,1,100.0,False,100.0,0.0,0.0,0.0,0.0,0.0,100.0,1,fish n.i.,100.0,False
BM062,piramutaba,Brachyplatystoma vaillantii,Brachyplatystoma,Cachoeira do Macaco,between Santo Antonio and Jirau rapids,vazante_seca,junho,2009,50.0,2000.0,2,100.0,False,0.0,0.0,0.0,0.0,100.0,0.0,100.0,1,Calophysus macropterus,100.0,False
BM063,piramutaba,Brachyplatystoma vaillantii,Brachyplatystoma,Cachoeira do Macaco,between Santo Antonio and Jirau rapids,vazante_seca,junho,2009,64.0,5000.0,1,100.0,False,30.0,0.0,70.0,0.0,0.0,0.0,100.0,2,Siluriformes,70.0,True
BM064,piramutaba,Brachyplatystoma vaillantii,Brachyplatystoma,São Carlos,downriver Santo Antonio rapid,vazante_seca,setembro,2009,50.0,2300.0,2,100.0,False,0.0,0.0,0.0,0.0,100.0,0.0,100.0,1,Brycon spp.,100.0,False
BM065,piramutaba,Brachyplatystoma vaillantii,Brachyplatystoma,Cachoeira do Macaco,between Santo Antonio and Jirau rapids,vazante_seca,junho,2009,62.0,4000.0,1,100.0,False,0.0,0.0,0.0,0.0,100.0,0.0,100.0,1,Pimelodus blochii,100.0,False
BM066,piramutaba,Brachyplatystoma vaillantii,Brachyplatystoma,Cachoeira do Macaco,between Santo Antonio and Jirau rapids,vazante_seca,junho,2009,31.0,1000.0,2,100.0,False,0.0,0.0,65.0,0.0,35.0,0.0,100.0,2,Siluriformes,65.0,True
BM067,piramutaba,Brachyplatystoma vaillantii,Brachyplatystoma,Cachoeira do Macaco,between Santo Antonio and Jirau rapids,vazante_seca,junho,2009,33.0,1500.0,1,100.0,False,100.0,0.0,0.0,0.0,0.0,0.0,100.0,1,fish n.i.,100.0,False
BM068,piramutaba,Brachyplatystoma vaillantii,Brachyplatystoma,Cachoeira do Macaco,between Santo Antonio and Jirau rapids,vazante_seca,junho,2009,43.0,2000.0,3,100.0,False,0.0,0.0,0.0,0.0,100.0,0.0,100.0,2,Prochilodus nigricans,95.0,True
BM069,piramutaba,Brachyplatystoma vaillantii,Brachyplatystoma,Cachoeira do Macaco,between Santo Antonio and Jirau rapids,vazante_seca,junho,2009,37.0,3000.0,3,100.0,False,0.0,0.0,0.0,0.0,100.0,0.0,100.0,1,Prochilodus nigricans,100.0,False
BM070,piramutaba,Brachyplatystoma vaillantii,Brachyplatystoma,Cachoeira do Macaco,between Santo Antonio and Jirau rapids,vazante_seca,junho,2009,39.0,2000.0,1,100.0,False,20.0,0.0,0.0,0.0,80.0,0.0,100.0,2,Pimelodus blochii,80.0,True
BM071,piramutaba,Brachyplatystoma vaillantii,Brachyplatystoma,Cachoeira do Macaco,between Santo Antonio and Jirau rapids,vazante_seca,junho,2009,40.0,1500.0,1,100.0,False,0.0,0.0,0.0,0.0,100.0,0.0,100.0,1,Amblydoras spp.,100.0,False
BM072,piramutaba,Brachyplatystoma vaillantii,Brachyplatystoma,Cachoeira do Macaco,between Santo Antonio and Jirau rapids,vazante_seca,junho,2009,56.0,2000.0,2,100.0,False,0.0,0.0,0.0,0.0,100.0,0.0,100.0,1,Calophysus macropterus,100.0,False
BM073,piramutaba,Brachyplatystoma vaillantii,Brachyplatystoma,Cachoeira do Macaco,between Santo Antonio and Jirau rapids,vazante_seca,junho,2009,36.0,1500.0,2,100.0,False,0.0,0.0,0.0,100.0,0.0,0.0,100.0,1,Curimatidae,100.0,False
BM074,piramutaba,Brachyplatystoma vaillantii,Brachyplatystoma,Cachoeira do Macaco,between Santo Antonio and Jirau rapids,vazante_seca,junho,2009,51.0,3000.0,3,100.0,False,60.0,0.0,0.0,40.0,0.0,0.0,100.0,2,fish n.i.,60.0,True
BM075,piramutaba,Brachyplatystoma vaillantii,Brachyplatystoma,Cachoeira do Macaco,between Santo Antonio and Jirau rapids,vazante_seca,junho,2009,43.0,5000.0,1,100.0,False,100.0,0.0,0.0,0.0,0.0,0.0,100.0,1,fish n.i.,100.0,False
BM076,piramutaba,Brachyplatystoma vaillantii,Brachyplatystoma,Cachoeira do Macaco,between Santo Antonio and Jirau rapids,vazante_seca,junho,2009,,,1,100.0,False,0.0,0.0,0.0,100.0,0.0,0.0,100.0,1,Pimelodidae,100.0,False
BM077,piramutaba,Brachyplatystoma vaillantii,Brachyplatystoma,Cachoeira do Macaco,between Santo Antonio and Jirau rapids,vazante_seca,junho,2009,48.0,2000.0,3,100.0,False,0.0,0.0,40.0,60.0,0.0,0.0,100.0,3,Siluriformes,40.0,True
BM078,piramutaba,Brachyplatystoma vaillantii,Brachyplatystoma,Cachoeira do Macaco,between Santo Antonio and Jirau rapids,vazante_seca,junho,2009,52.0,2000.0,2,100.0,False,45.0,0.0,55.0,0.0,0.0,0.0,100.0,2,Siluriformes,55.0,True
BM079,piramutaba,Brachyplatystoma vaillantii,Brachyplatystoma,Cachoeira do Macaco,between Santo Antonio and Jirau rapids,vazante_seca,junho,2009,27.0,2000.0,3,100.0,False,0.0,0.0,10.0,0.0,90.0,0.0,100.0,2,Prochilodus nigricans,90.0,True
BM080,piramutaba,Brachyplatystoma vaillantii,Brachyplatystoma,Cachoeira do Macaco,between Santo Antonio and Jirau rapids,vazante_seca,junho,2009,55.0,3000.0,2,100.0,False,80.0,0.0,0.0,0.0,0.0,20.0,100.0,3,fish n.i.,80.0,True
BM081,piramutaba,Brachyplatystoma vaillantii,Brachyplatystoma,Cachoeira do Macaco,between Santo Antonio and Jirau rapids,vazante_seca,junho,2009,,,1,100.0,False,0.0,0.0,7.0,0.0,90.0,3.0,100.0,3,Triportheus angulatus,90.0,True
BM082,piramutaba,Brachyplatystoma vaillantii,Brachyplatystoma,Cachoeira do Macaco,between Santo Antonio and Jirau rapids,vazante_seca,junho,2009,36.0,2000.0,3,100.0,False,50.0,0.0,0.0,50.0,0.0,0.0,100.0,2,fish n.i.,50.0,True
BM083,piramutaba,Brachyplatystoma vaillantii,Brachyplatystoma,Cachoeira do Macaco,between Santo Antonio and Jirau rapids,vazante_seca,junho,2009,25.0,1000.0,2,100.0,False,0.0,0.0,0.0,0.0,100.0,0.0,100.0,1,Megalonema spp.,100.0,False
BM084,piramutaba,Brachyplatystoma vaillantii,Brachyplatystoma,Cachoeira do Macaco,between Santo Antonio and Jirau rapids,vazante_seca,junho,2009,64.0,4000.0,1,100.0,False,100.0,0.0,0.0,0.0,0.0,0.0,100.0,1,fish n.i.,100.0,False
BM085,caparari,Pseudoplatystoma tigrinum,Pseudoplatystoma,Guajará Mirim,upriver Jirau rapid,vazante_seca,outubro,2009,,,1,100.0,False,0.0,0.0,0.0,0.0,100.0,0.0,100.0,1,Triportheus  spp.,100.0,False
BM086,caparari,Pseudoplatystoma tigrinum,Pseudoplatystoma,Guajará Mirim,upriver Jirau rapid,vazante_seca,outubro,2009,,,3,100.0,False,20.0,0.0,0.0,0.0,80.0,0.0,100.0,2,Prochilodus nigricans,80.0,True
BM087,babao,Brachyplatystoma platynemum,Brachyplatystoma,Arara,upriver Jirau rapid,vazante_seca,agosto,2009,,,3,100.0,False,0.0,0.0,100.0,0.0,0.0,0.0,100.0,1,Siluriformes,100.0,False
BM088,caparari,Pseudoplatystoma tigrinum,Pseudoplatystoma,Humaitá,downriver Santo Antonio rapid,vazante_seca,outubro,2009,36.0,510.0,1,100.0,False,0.0,0.0,0.0,0.0,0.0,100.0,100.0,1,reamins of invertebrates,100.0,False
BM089,barbachata,Pinirampus pirinampu,Pinirampus,Cachoeira do Teotônio,between Santo Antonio and Jirau rapids,vazante_seca,setembro,2009,,,3,100.0,False,100.0,0.0,0.0,0.0,0.0,0.0,100.0,1,fish n.i.,100.0,False
BM090,surubim,Pseudoplatystoma punctifer,Pseudoplatystoma,São Carlos,downriver Santo Antonio rapid,vazante_seca,dezembro,2009,33.0,380.0,1,478.0,True,0.0,20.9205,79.0795,0.0,0.0,0.0,100.0,2,Clupeiformes,378.0,True
BM091,filhote,Brachyplatystoma filamentosum,Brachyplatystoma,São Carlos,downriver Santo Antonio rapid,cheia,marco,2010,102.0,16000.0,2,100.0,False,0.0,0.0,0.0,0.0,100.0,0.0,100.0,1,Leptodoras juruensis,100.0,False
BM092,filhote,Brachyplatystoma filamentosum,Brachyplatystoma,São Sebastião,downriver Santo Antonio rapid,cheia,abril,2010,,,2,100.0,False,0.0,0.0,0.0,0.0,100.0,0.0,100.0,1,Cetopsis coecutiens,100.0,False
BM093,filhote,Brachyplatystoma filamentosum,Brachyplatystoma,São Sebastião,downriver Santo Antonio rapid,cheia,abril,2010,128.0,23000.0,3,100.0,False,0.0,0.0,100.0,0.0,0.0,0.0,100.0,1,Siluriformes,100.0,False
BM094,filhote,Brachyplatystoma filamentosum,Brachyplatystoma,São Carlos,downriver Santo Antonio rapid,cheia,january,2010,119.0,27000.0,1,100.0,False,0.0,0.0,0.0,100.0,0.0,0.0,100.0,1,Myleinae,100.0,False
BM095,filhote,Brachyplatystoma filamentosum,Brachyplatystoma,Cachoeira do Macaco,between Santo Antonio and Jirau rapids,vazante_seca,junho,2010,114.0,15000.0,2,100.0,False,0.0,0.0,0.0,100.0,0.0,0.0,100.0,1,Doradidae,100.0,False
BM096,filhote,Brachyplatystoma filamentosum,Brachyplatystoma,Cachoeira do Macaco,between Santo Antonio and Jirau rapids,vazante_seca,junho,2010,129.0,36000.0,1,100.0,False,0.0,0.0,100.0,0.0,0.0,0.0,100.0,1,Siluriformes,100.0,False
BM097,filhote,Brachyplatystoma filamentosum,Brachyplatystoma,São Carlos,downriver Santo Antonio rapid,vazante_seca,junho,2010,77.0,8500.0,3,100.0,False,0.0,0.0,0.0,0.0,100.0,0.0,100.0,1,Pimelodus blochii,100.0,False
BM098,dourada,Brachyplatystoma rousseauxii,Brachyplatystoma,São Carlos,downriver Santo Antonio rapid,vazante_seca,junho,2010,,13000.0,2,100.0,False,0.0,0.0,0.0,0.0,100.0,0.0,100.0,1,Calophysus macropterus,100.0,False
BM099,filhote,Brachyplatystoma filamentosum,Brachyplatystoma,São Carlos,downriver Santo Antonio rapid,vazante_seca,junho,2010,93.0,13000.0,3,100.0,False,0.0,0.0,0.0,0.0,100.0,0.0,100.0,1,Leptodoras juruensis,100.0,False
BM100,dourada,Brachyplatystoma rousseauxii,Brachyplatystoma,São Carlos,downriver Santo Antonio rapid,vazante_seca,julho,2010,65.0,5000.0,1,100.0,False,20.0,0.0,0.0,0.0,80.0,0.0,100.0,2,Trachydoras spp.,80.0,True
BM101,barbachata,Pinirampus pirinampu,Pinirampus,São Carlos,downriver Santo Antonio rapid,vazante_seca,setembro,2010,39.0,630.0,1,100.0,False,0.0,0.0,0.0,0.0,100.0,0.0,100.0,1,Triportheus  spp.,100.0,False
BM102,dourada,Brachyplatystoma rousseauxii,Brachyplatystoma,São Carlos,downriver Santo Antonio rapid,vazante_seca,agosto,2010,95.0,13200.0,2,100.0,False,0.0,0.0,0.0,0.0,100.0,0.0,100.0,1,Hypophthalmus spp.,100.0,False
BM103,filhote,Brachyplatystoma filamentosum,Brachyplatystoma,São Carlos,downriver Santo Antonio rapid,vazante_seca,setembro,2010,66.0,3220.0,2,100.0,False,40.0,0.0,0.0,0.0,60.0,0.0,100.0,2,Trachydoras spp.,60.0,True
BM104,babao,Brachyplatystoma platynemum,Brachyplatystoma,São Carlos,downriver Santo Antonio rapid,vazante_seca,setembro,2010,64.0,3000.0,2,100.0,False,0.0,0.0,0.0,0.0,100.0,0.0,100.0,1,Triportheus  spp.,100.0,False
BM105,dourada,Brachyplatystoma rousseauxii,Brachyplatystoma,São Carlos,downriver Santo Antonio rapid,vazante_seca,setembro,2010,83.0,8570.0,3,100.0,False,0.0,0.0,0.0,0.0,100.0,0.0,100.0,1,Psectrogaster rutiloides,100.0,False
BM106,dourada,Brachyplatystoma rousseauxii,Brachyplatystoma,São Carlos,downriver Santo Antonio rapid,vazante_seca,outubro,2010,76.0,10900.0,3,100.0,False,0.0,0.0,0.0,0.0,100.0,0.0,100.0,1,Psectrogaster rutiloides,100.0,False
BM107,dourada,Brachyplatystoma rousseauxii,Brachyplatystoma,São Carlos,downriver Santo Antonio rapid,vazante_seca,setembro,2010,96.0,13000.0,3,100.0,False,0.0,0.0,100.0,0.0,0.0,0.0,100.0,1,Siluriformes,100.0,False
BM108,dourada,Brachyplatystoma rousseauxii,Brachyplatystoma,São Carlos,downriver Santo Antonio rapid,vazante_seca,outubro,2010,67.0,4000.0,3,100.0,False,0.0,0.0,0.0,0.0,100.0,0.0,100.0,1,Triportheus angulatus,100.0,False
BM109,dourada,Brachyplatystoma rousseauxii,Brachyplatystoma,São Carlos,downriver Santo Antonio rapid,vazante_seca,outubro,2010,74.0,6100.0,3,100.0,False,0.0,0.0,0.0,0.0,100.0,0.0,100.0,1,Psectrogaster amazonica,100.0,False
BM110,dourada,Brachyplatystoma rousseauxii,Brachyplatystoma,São Carlos,downriver Santo Antonio rapid,vazante_seca,setembro,2010,92.0,12000.0,3,100.0,False,0.0,0.0,0.0,0.0,100.0,0.0,100.0,1,Psectrogaster rutiloides,100.0,False
BM111,babao,Brachyplatystoma platynemum,Brachyplatystoma,São Carlos,downriver Santo Antonio rapid,vazante_seca,agosto,2010,51.0,1000.0,1,100.0,False,0.0,0.0,0.0,100.0,0.0,0.0,100.0,1,Doradidae,100.0,False
BM112,dourada,Brachyplatystoma rousseauxii,Brachyplatystoma,São Carlos,downriver Santo Antonio rapid,vazante_seca,agosto,2010,77.0,5000.0,3,100.0,False,0.0,0.0,0.0,0.0,100.0,0.0,100.0,1,Hypophthalmus spp.,100.0,False
BM113,caparari,Pseudoplatystoma tigrinum,Pseudoplatystoma,São Carlos,downriver Santo Antonio rapid,vazante_seca,julho,2010,84.0,6500.0,3,100.0,False,0.0,0.0,0.0,0.0,100.0,0.0,100.0,1,Prochilodus nigricans,100.0,False
BM114,dourada,Brachyplatystoma rousseauxii,Brachyplatystoma,Cachoeira do Teotônio,between Santo Antonio and Jirau rapids,vazante_seca,outubro,2010,98.0,28000.0,2,100.0,False,0.0,0.0,0.0,0.0,100.0,0.0,100.0,1,Hypophthalmus spp.,100.0,False
BM115,barbachata,Pinirampus pirinampu,Pinirampus,São Carlos,downriver Santo Antonio rapid,vazante_seca,junho,2010,,1000.0,2,100.0,False,0.0,0.0,0.0,40.0,60.0,0.0,100.0,2,Prochilodus nigricans,60.0,True
BM116,babao,Brachyplatystoma platynemum,Brachyplatystoma,São Carlos,downriver Santo Antonio rapid,vazante_seca,outubro,2010,56.0,1710.0,1,100.0,False,0.0,0.0,0.0,0.0,100.0,0.0,100.0,1,Psectrogaster rutiloides,100.0,False
BM117,dourada,Brachyplatystoma rousseauxii,Brachyplatystoma,Calama,downriver Santo Antonio rapid,vazante_seca,setembro,2010,75.0,6000.0,2,100.0,False,0.0,0.0,0.0,0.0,100.0,0.0,100.0,1,Triportheus  spp.,100.0,False
BM118,babao,Brachyplatystoma platynemum,Brachyplatystoma,São Carlos,downriver Santo Antonio rapid,vazante_seca,outubro,2010,58.0,1820.0,1,100.0,False,0.0,0.0,0.0,0.0,100.0,0.0,100.0,1,Pimelodus blochii,100.0,False
BM119,surubim,Pseudoplatystoma punctifer,Pseudoplatystoma,São Carlos,downriver Santo Antonio rapid,vazante_seca,julho,2010,52.0,1100.0,1,100.0,False,0.0,0.0,100.0,0.0,0.0,0.0,100.0,1,Characiformes,100.0,False
BM120,surubim,Pseudoplatystoma punctifer,Pseudoplatystoma,São Carlos,downriver Santo Antonio rapid,vazante_seca,julho,2010,71.0,3900.0,1,100.0,False,0.0,0.0,100.0,0.0,0.0,0.0,100.0,1,Siluriformes,100.0,False
BM121,surubim,Pseudoplatystoma punctifer,Pseudoplatystoma,Jaciparaná,between Santo Antonio and Jirau rapids,vazante_seca,maio,2010,85.0,5000.0,3,100.0,False,0.0,0.0,0.0,0.0,100.0,0.0,100.0,1,Symbranchus spp.,100.0,False
BM122,surubim,Pseudoplatystoma punctifer,Pseudoplatystoma,Jaciparaná,between Santo Antonio and Jirau rapids,cheia,fevereiro,2010,,,2,100.0,False,0.0,0.0,0.0,0.0,100.0,0.0,100.0,1,Crenicichla spp.,100.0,False
BM123,surubim,Pseudoplatystoma punctifer,Pseudoplatystoma,Jaciparaná,between Santo Antonio and Jirau rapids,vazante_seca,maio,2010,51.0,2000.0,1,100.0,False,0.0,0.0,0.0,0.0,100.0,0.0,100.0,1,Pseudanos trimaculatus,100.0,False
BM124,surubim,Pseudoplatystoma punctifer,Pseudoplatystoma,Jaciparaná,between Santo Antonio and Jirau rapids,cheia,abril,2010,,,3,100.0,False,0.0,0.0,0.0,0.0,100.0,0.0,100.0,1,Pimelodella spp.,100.0,False
BM125,surubim,Pseudoplatystoma punctifer,Pseudoplatystoma,Jaciparaná,between Santo Antonio and Jirau rapids,cheia,abril,2010,,,3,100.0,False,0.0,0.0,0.0,0.0,100.0,0.0,100.0,1,Pimelodella spp.,100.0,False
BM126,dourada,Brachyplatystoma rousseauxii,Brachyplatystoma,São Carlos,downriver Santo Antonio rapid,cheia,novembro,2010,79.0,12000.0,3,100.0,False,0.0,0.0,0.0,0.0,100.0,0.0,100.0,1,Hypophthalmus spp.,100.0,False
BM127,babao,Brachyplatystoma platynemum,Brachyplatystoma,São Carlos,downriver Santo Antonio rapid,cheia,novembro,2010,54.0,1500.0,3,100.0,False,0.0,0.0,0.0,0.0,100.0,0.0,100.0,1,Psectrogaster spp.,100.0,False
BM128,dourada,Brachyplatystoma rousseauxii,Brachyplatystoma,São Carlos,downriver Santo Antonio rapid,cheia,novembro,2010,81.0,8000.0,3,100.0,False,10.0,0.0,0.0,0.0,90.0,0.0,100.0,3,Triportheus angulatus,60.0,True
BM129,dourada,Brachyplatystoma rousseauxii,Brachyplatystoma,São Carlos,downriver Santo Antonio rapid,cheia,novembro,2010,67.5,4000.0,3,100.0,False,0.0,0.0,0.0,0.0,100.0,0.0,100.0,1,Triportheus angulatus,100.0,False
BM130,dourada,Brachyplatystoma rousseauxii,Brachyplatystoma,São Carlos,downriver Santo Antonio rapid,cheia,novembro,2010,95.0,15000.0,3,100.0,False,100.0,0.0,0.0,0.0,0.0,0.0,100.0,1,fish n.i.,100.0,False
BM131,dourada,Brachyplatystoma rousseauxii,Brachyplatystoma,São Carlos,downriver Santo Antonio rapid,cheia,dezembro,2010,83.0,880.0,3,100.0,False,10.0,0.0,0.0,90.0,0.0,0.0,100.0,2,Curimatidae,90.0,True
BM132,dourada,Brachyplatystoma rousseauxii,Brachyplatystoma,São Carlos,downriver Santo Antonio rapid,cheia,dezembro,2010,93.0,14000.0,3,100.0,False,20.0,0.0,0.0,0.0,80.0,0.0,100.0,2,Pellona castelnaeana,80.0,True
BM133,dourada,Brachyplatystoma rousseauxii,Brachyplatystoma,São Carlos,downriver Santo Antonio rapid,cheia,dezembro,2010,74.0,8000.0,3,100.0,False,0.0,0.0,0.0,0.0,100.0,0.0,100.0,1,Rhaphiodon vulpinus,100.0,False
BM134,barbachata,Pinirampus pirinampu,Pinirampus,São Carlos,downriver Santo Antonio rapid,vazante_seca,setembro,2010,39.0,760.0,3,100.0,False,0.0,0.0,0.0,0.0,100.0,0.0,100.0,1,Triportheus angulatus,100.0,False
BM135,barbachata,Pinirampus pirinampu,Pinirampus,São Carlos,downriver Santo Antonio rapid,vazante_seca,setembro,2010,42.0,950.0,3,100.0,False,0.0,0.0,0.0,0.0,100.0,0.0,100.0,1,Triportheus angulatus,100.0,False
BM136,piramutaba,Brachyplatystoma vaillantii,Brachyplatystoma,São Carlos,downriver Santo Antonio rapid,cheia,dezembro,2010,39.0,600.0,2,100.0,False,0.0,30.0,70.0,0.0,0.0,0.0,100.0,2,Siluriformes,70.0,True
BM137,surubim,Pseudoplatystoma punctifer,Pseudoplatystoma,São Carlos,downriver Santo Antonio rapid,vazante_seca,junho,2010,62.0,4000.0,2,100.0,False,100.0,0.0,0.0,0.0,0.0,0.0,100.0,1,fish n.i.,100.0,False
BM138,dourada,Brachyplatystoma rousseauxii,Brachyplatystoma,São Carlos,downriver Santo Antonio rapid,cheia,dezembro,2010,70.0,5200.0,2,100.0,False,0.0,0.0,0.0,0.0,100.0,0.0,100.0,1,Triportheus angulatus,100.0,False
BM139,dourada,Brachyplatystoma rousseauxii,Brachyplatystoma,São Carlos,downriver Santo Antonio rapid,cheia,dezembro,2010,81.0,8100.0,2,100.0,False,100.0,0.0,0.0,0.0,0.0,0.0,100.0,1,fish n.i.,100.0,False
BM140,dourada,Brachyplatystoma rousseauxii,Brachyplatystoma,São Carlos,downriver Santo Antonio rapid,cheia,dezembro,2010,85.0,9200.0,3,100.0,False,0.0,0.0,0.0,0.0,100.0,0.0,100.0,1,Potamorhina latior,100.0,False
BM141,surubim,Pseudoplatystoma punctifer,Pseudoplatystoma,Jaciparaná,between Santo Antonio and Jirau rapids,cheia,abril,2010,59.0,2100.0,2,100.0,False,100.0,0.0,0.0,0.0,0.0,0.0,100.0,1,fish n.i.,100.0,False
BM142,piramutaba,Brachyplatystoma vaillantii,Brachyplatystoma,São Carlos,downriver Santo Antonio rapid,vazante_seca,julho,2010,39.0,700.0,1,100.0,False,100.0,0.0,0.0,0.0,0.0,0.0,100.0,1,fish n.i.,100.0,False
BM143,piramutaba,Brachyplatystoma vaillantii,Brachyplatystoma,São Carlos,downriver Santo Antonio rapid,vazante_seca,junho,2010,32.0,400.0,1,100.0,False,0.0,0.0,100.0,0.0,0.0,0.0,100.0,1,Siluriformes,100.0,False
BM144,piramutaba,Brachyplatystoma vaillantii,Brachyplatystoma,São Carlos,downriver Santo Antonio rapid,vazante_seca,junho,2010,,1000.0,1,100.0,False,0.0,0.0,100.0,0.0,0.0,0.0,100.0,1,Siluriformes,100.0,False
BM145,piramutaba,Brachyplatystoma vaillantii,Brachyplatystoma,São Carlos,downriver Santo Antonio rapid,vazante_seca,julho,2010,45.0,1500.0,1,100.0,False,0.0,0.0,0.0,0.0,100.0,0.0,100.0,1,Tetragonopterus spp.,100.0,False
BM146,piramutaba,Brachyplatystoma vaillantii,Brachyplatystoma,São Carlos,downriver Santo Antonio rapid,vazante_seca,julho,2010,41.0,1000.0,1,100.0,False,100.0,0.0,0.0,0.0,0.0,0.0,100.0,1,fish n.i.,100.0,False
BM147,piramutaba,Brachyplatystoma vaillantii,Brachyplatystoma,São Carlos,downriver Santo Antonio rapid,vazante_seca,junho,2010,,1000.0,2,100.0,False,0.0,0.0,100.0,0.0,0.0,0.0,100.0,1,Characiformes,100.0,False
BM148,piramutaba,Brachyplatystoma vaillantii,Brachyplatystoma,São Carlos,downriver Santo Antonio rapid,vazante_seca,julho,2010,45.0,1100.0,1,100.0,False,0.0,0.0,100.0,0.0,0.0,0.0,100.0,1,Characiformes,100.0,False
BM149,piramutaba,Brachyplatystoma vaillantii,Brachyplatystoma,São Carlos,downriver Santo Antonio rapid,vazante_seca,julho,2010,38.0,800.0,1,100.0,False,0.0,0.0,0.0,0.0,100.0,0.0,100.0,1,Tetragonopterus spp.,100.0,False
BM150,piramutaba,Brachyplatystoma vaillantii,Brachyplatystoma,São Carlos,downriver Santo Antonio rapid,vazante_seca,julho,2010,51.0,2000.0,3,100.0,False,0.0,0.0,0.0,0.0,100.0,0.0,100.0,1,Triportheus angulatus,100.0,False
BM151,piramutaba,Brachyplatystoma vaillantii,Brachyplatystoma,São Carlos,downriver Santo Antonio rapid,vazante_seca,julho,2010,41.0,1000.0,1,100.0,False,0.0,0.0,0.0,0.0,0.0,100.0,100.0,1,Megaloptera,100.0,False
BM152,piramutaba,Brachyplatystoma vaillantii,Brachyplatystoma,São Carlos,downriver Santo Antonio rapid,vazante_seca,junho,2010,,3000.0,3,100.0,False,0.0,0.0,0.0,0.0,100.0,0.0,100.0,1,Prochilodus nigricans,100.0,False
BM153,piramutaba,Brachyplatystoma vaillantii,Brachyplatystoma,São Carlos,downriver Santo Antonio rapid,vazante_seca,junho,2010,44.0,1200.0,1,100.0,False,0.0,0.0,0.0,100.0,0.0,0.0,100.0,1,Tetragonopterinae,100.0,False
BM154,piramutaba,Brachyplatystoma vaillantii,Brachyplatystoma,São Carlos,downriver Santo Antonio rapid,vazante_seca,julho,2010,44.0,1100.0,1,100.0,False,0.0,0.0,100.0,0.0,0.0,0.0,100.0,1,Gymnotyformes,100.0,False
BM155,piramutaba,Brachyplatystoma vaillantii,Brachyplatystoma,São Carlos,downriver Santo Antonio rapid,vazante_seca,junho,2010,37.0,800.0,1,100.0,False,0.0,0.0,0.0,100.0,0.0,0.0,100.0,1,Pimelodidae,100.0,False
BM156,piramutaba,Brachyplatystoma vaillantii,Brachyplatystoma,São Carlos,downriver Santo Antonio rapid,vazante_seca,junho,2010,,1000.0,1,100.0,False,0.0,0.0,0.0,0.0,100.0,0.0,100.0,1,Pimelodus blochii,100.0,False
BM157,piramutaba,Brachyplatystoma vaillantii,Brachyplatystoma,São Carlos,downriver Santo Antonio rapid,vazante_seca,junho,2010,,2000.0,1,100.0,False,0.0,0.0,0.0,0.0,100.0,0.0,100.0,1,Prochilodus nigricans,100.0,False
BM158,piramutaba,Brachyplatystoma vaillantii,Brachyplatystoma,São Carlos,downriver Santo Antonio rapid,vazante_seca,julho,2010,37.0,700.0,2,100.0,False,0.0,0.0,0.0,0.0,100.0,0.0,100.0,1,Psectrogaster spp.,100.0,False
BM159,piramutaba,Brachyplatystoma vaillantii,Brachyplatystoma,São Carlos,downriver Santo Antonio rapid,vazante_seca,junho,2010,45.0,1200.0,1,100.0,False,0.0,0.0,0.0,0.0,100.0,0.0,100.0,1,Triportheus  spp.,100.0,False
BM160,piramutaba,Brachyplatystoma vaillantii,Brachyplatystoma,São Carlos,downriver Santo Antonio rapid,vazante_seca,setembro,2010,51.0,2500.0,3,100.0,False,0.0,0.0,0.0,0.0,100.0,0.0,100.0,1,Pimelodus blochii,100.0,False
BM161,piramutaba,Brachyplatystoma vaillantii,Brachyplatystoma,São Carlos,downriver Santo Antonio rapid,vazante_seca,setembro,2010,50.0,2100.0,3,100.0,False,0.0,0.0,0.0,0.0,100.0,0.0,100.0,1,Pimelodus blochii,100.0,False
BM162,piramutaba,Brachyplatystoma vaillantii,Brachyplatystoma,São Carlos,downriver Santo Antonio rapid,vazante_seca,setembro,2010,41.0,800.0,3,100.0,False,0.0,0.0,0.0,0.0,100.0,0.0,100.0,1,Pimelodus blochii,100.0,False
BM163,piramutaba,Brachyplatystoma vaillantii,Brachyplatystoma,São Carlos,downriver Santo Antonio rapid,vazante_seca,setembro,2010,39.0,900.0,3,100.0,False,0.0,0.0,0.0,0.0,100.0,0.0,100.0,1,Trachydoras spp.,100.0,False
BM164,piramutaba,Brachyplatystoma vaillantii,Brachyplatystoma,São Carlos,downriver Santo Antonio rapid,vazante_seca,outubro,2010,52.0,1500.0,3,100.0,False,0.0,0.0,0.0,0.0,100.0,0.0,100.0,1,Pimelodus blochii,100.0,False
BM165,piramutaba,Brachyplatystoma vaillantii,Brachyplatystoma,São Carlos,downriver Santo Antonio rapid,vazante_seca,setembro,2010,50.0,2000.0,3,100.0,False,0.0,0.0,0.0,0.0,100.0,0.0,100.0,1,Pimelodus blochii,100.0,False
BM166,piramutaba,Brachyplatystoma vaillantii,Brachyplatystoma,São Carlos,downriver Santo Antonio rapid,vazante_seca,setembro,2010,370.0,800.0,1,100.0,False,0.0,0.0,100.0,0.0,0.0,0.0,100.0,1,Siluriformes,100.0,False
BM167,piramutaba,Brachyplatystoma vaillantii,Brachyplatystoma,São Carlos,downriver Santo Antonio rapid,vazante_seca,setembro,2010,470.0,2000.0,3,100.0,False,0.0,0.0,0.0,0.0,100.0,0.0,100.0,2,Potamorhina altamazonica,70.0,True
BM168,piramutaba,Brachyplatystoma vaillantii,Brachyplatystoma,São Carlos,downriver Santo Antonio rapid,vazante_seca,outubro,2010,415.0,960.0,2,100.0,False,0.0,0.0,0.0,0.0,100.0,0.0,100.0,1,Psectrogaster rutiloides,100.0,False
BM169,piramutaba,Brachyplatystoma vaillantii,Brachyplatystoma,São Carlos,downriver Santo Antonio rapid,vazante_seca,outubro,2010,49.0,1810.0,3,100.0,False,0.0,0.0,0.0,0.0,100.0,0.0,100.0,1,Psectrogaster rutiloides,100.0,False
BM170,piramutaba,Brachyplatystoma vaillantii,Brachyplatystoma,São Carlos,downriver Santo Antonio rapid,vazante_seca,outubro,2010,41.0,980.0,1,100.0,False,100.0,0.0,0.0,0.0,0.0,0.0,100.0,1,fish n.i.,100.0,False
BM171,piramutaba,Brachyplatystoma vaillantii,Brachyplatystoma,Cachoeira do Teotônio,between Santo Antonio and Jirau rapids,vazante_seca,outubro,2010,,,3,100.0,False,0.0,0.0,0.0,0.0,100.0,0.0,100.0,1,Psectrogaster spp.,100.0,False
BM172,piramutaba,Brachyplatystoma vaillantii,Brachyplatystoma,São Carlos,downriver Santo Antonio rapid,vazante_seca,outubro,2010,41.0,1010.0,1,100.0,False,0.0,0.0,0.0,100.0,0.0,0.0,100.0,1,Pimelodidae,100.0,False
BM173,piramutaba,Brachyplatystoma vaillantii,Brachyplatystoma,São Carlos,downriver Santo Antonio rapid,vazante_seca,outubro,2010,38.0,250.0,3,100.0,False,0.0,0.0,0.0,0.0,100.0,0.0,100.0,1,Plasgioscion spp.,100.0,False
BM174,piramutaba,Brachyplatystoma vaillantii,Brachyplatystoma,São Carlos,downriver Santo Antonio rapid,cheia,novembro,2010,43.0,1000.0,3,100.0,False,0.0,0.0,0.0,0.0,100.0,0.0,100.0,1,Pimelodus blochii,100.0,False
BM175,piramutaba,Brachyplatystoma vaillantii,Brachyplatystoma,São Carlos,downriver Santo Antonio rapid,cheia,novembro,2010,42.0,500.0,3,100.0,False,0.0,0.0,0.0,0.0,100.0,0.0,100.0,1,Triportheus angulatus,100.0,False
BM176,jau,Zungaro zungaro,Zungaro,Iata,upriver Jirau rapid,vazante_seca,agosto,2010,,,1,100.0,False,0.0,0.0,0.0,0.0,100.0,0.0,100.0,1,Pimelodus blochii,100.0,False
BM177,jau,Zungaro zungaro,Zungaro,Iata,upriver Jirau rapid,vazante_seca,agosto,2010,,,3,100.0,False,0.0,0.0,0.0,0.0,0.0,100.0,100.0,1,Trichodactylus sp.,100.0,False
BM178,jau,Zungaro zungaro,Zungaro,Vila Murtinho,upriver Jirau rapid,vazante_seca,maio,2010,,,1,100.0,False,0.0,0.0,100.0,0.0,0.0,0.0,100.0,1,Characiformes,100.0,False
BM179,jau,Zungaro zungaro,Zungaro,Vila Murtinho,upriver Jirau rapid,cheia,abril,2010,,,3,100.0,False,0.0,0.0,0.0,50.0,50.0,0.0,100.0,2,Curimatidae,50.0,True
BM180,jau,Zungaro zungaro,Zungaro,Vila Murtinho,upriver Jirau rapid,cheia,abril,2010,,,3,100.0,False,0.0,0.0,0.0,0.0,100.0,0.0,100.0,1,Potamorhina latior,100.0,False
BM181,jau,Zungaro zungaro,Zungaro,Vila Murtinho,upriver Jirau rapid,cheia,abril,2010,,,3,100.0,False,0.0,0.0,0.0,100.0,0.0,0.0,100.0,1,Characidae,100.0,False
BM182,jau,Zungaro zungaro,Zungaro,Vila Murtinho,upriver Jirau rapid,cheia,abril,2010,,,3,100.0,False,0.0,0.0,0.0,100.0,0.0,0.0,100.0,1,Curimatidae,100.0,False
BM183,jau,Zungaro zungaro,Zungaro,Vila Murtinho,upriver Jirau rapid,cheia,abril,2010,,,3,100.0,False,0.0,0.0,0.0,0.0,100.0,0.0,100.0,1,Psectrogaster rutiloides,100.0,False
BM184,jau,Zungaro zungaro,Zungaro,Vila Murtinho,upriver Jirau rapid,cheia,abril,2010,,,2,100.0,False,0.0,0.0,0.0,0.0,100.0,0.0,100.0,2,Prochilodus nigricans,60.0,True
BM185,jau,Zungaro zungaro,Zungaro,Vila Murtinho,upriver Jirau rapid,cheia,abril,2010,,,3,100.0,False,0.0,0.0,0.0,0.0,100.0,0.0,100.0,1,Prochilodus nigricans,100.0,False
BM186,jau,Zungaro zungaro,Zungaro,Vila Murtinho,upriver Jirau rapid,cheia,abril,2010,,,2,100.0,False,0.0,0.0,0.0,0.0,100.0,0.0,100.0,2,Prochilodus nigricans,50.0,True
BM187,jau,Zungaro zungaro,Zungaro,Vila Murtinho,upriver Jirau rapid,cheia,abril,2010,,,3,100.0,False,0.0,0.0,0.0,0.0,100.0,0.0,100.0,1,Psectrogaster rutiloides,100.0,False
BM188,jau,Zungaro zungaro,Zungaro,Vila Murtinho,upriver Jirau rapid,cheia,abril,2010,,,3,100.0,False,0.0,0.0,0.0,0.0,100.0,0.0,100.0,2,Psectrogaster rutiloides,85.0,True
BM189,caparari,Pseudoplatystoma tigrinum,Pseudoplatystoma,Guajará Mirim,upriver Jirau rapid,vazante_seca,junho,2010,,,3,100.0,False,0.0,0.0,0.0,0.0,100.0,0.0,100.0,2,Prochilodus nigricans,70.0,True
BM190,babao,Brachyplatystoma platynemum,Brachyplatystoma,Vila Murtinho,upriver Jirau rapid,cheia,abril,2010,,,3,100.0,False,0.0,0.0,40.0,0.0,60.0,0.0,100.0,2,Mylossoma duriventre,60.0,True
BM191,babao,Brachyplatystoma platynemum,Brachyplatystoma,Vila Murtinho,upriver Jirau rapid,cheia,marco,2010,,,2,100.0,False,50.0,0.0,50.0,0.0,0.0,0.0,100.0,2,fish n.i.,50.0,True
BM192,babao,Brachyplatystoma platynemum,Brachyplatystoma,Vila Murtinho,upriver Jirau rapid,cheia,abril,2010,,,1,100.0,False,0.0,0.0,10.0,0.0,90.0,0.0,100.0,2,Triportheus  spp.,90.0,True
BM193,babao,Brachyplatystoma platynemum,Brachyplatystoma,Vila Murtinho,upriver Jirau rapid,cheia,abril,2010,,,3,100.0,False,0.0,0.0,40.0,0.0,60.0,0.0,100.0,2,Mylossoma duriventre,60.0,True
BM194,babao,Brachyplatystoma platynemum,Brachyplatystoma,Vila Murtinho,upriver Jirau rapid,cheia,marco,2010,,,2,100.0,False,50.0,0.0,50.0,0.0,0.0,0.0,100.0,2,fish n.i.,50.0,True
BM195,babao,Brachyplatystoma platynemum,Brachyplatystoma,Vila Murtinho,upriver Jirau rapid,cheia,abril,2010,,,1,100.0,False,0.0,0.0,10.0,0.0,90.0,0.0,100.0,2,Triportheus  spp.,90.0,True
BM196,babao,Brachyplatystoma platynemum,Brachyplatystoma,Nova Mamoré,upriver Jirau rapid,vazante_seca,maio,2010,,,1,100.0,False,100.0,0.0,0.0,0.0,0.0,0.0,100.0,1,fish n.i.,100.0,False
BM197,babao,Brachyplatystoma platynemum,Brachyplatystoma,Nova Mamoré,upriver Jirau rapid,vazante_seca,maio,2010,,,1,100.0,False,0.0,0.0,0.0,0.0,100.0,0.0,100.0,1,Adontosternarchus balaenops,100.0,False
BM198,babao,Brachyplatystoma platynemum,Brachyplatystoma,Ribeirão,upriver Jirau rapid,vazante_seca,agosto,2010,,,2,100.0,False,0.0,0.0,0.0,0.0,100.0,0.0,100.0,2,Calophysus macropterus,90.0,True
BM199,babao,Brachyplatystoma platynemum,Brachyplatystoma,Ribeirão,upriver Jirau rapid,vazante_seca,agosto,2010,,,1,100.0,False,0.0,0.0,40.0,60.0,0.0,0.0,100.0,2,Curimatidae,60.0,True
BM200,babao,Brachyplatystoma platynemum,Brachyplatystoma,Iata,upriver Jirau rapid,vazante_seca,agosto,2010,,,2,100.0,False,0.0,0.0,100.0,0.0,0.0,0.0,100.0,1,Gymnotyformes,100.0,False
BM201,babao,Brachyplatystoma platynemum,Brachyplatystoma,Iata,upriver Jirau rapid,vazante_seca,agosto,2010,,,2,100.0,False,0.0,0.0,0.0,0.0,100.0,0.0,100.0,2,Apteronotus bonaparti,50.0,True
BM202,babao,Brachyplatystoma platynemum,Brachyplatystoma,Cachoeira do Macaco,between Santo Antonio and Jirau rapids,vazante_seca,junho,2010,,,1,100.0,False,0.0,0.0,100.0,0.0,0.0,0.0,100.0,1,Siluriformes,100.0,False
BM203,babao,Brachyplatystoma platynemum,Brachyplatystoma,Cachoeira do Macaco,between Santo Antonio and Jirau rapids,vazante_seca,junho,2010,,,2,100.0,False,0.0,0.0,100.0,0.0,0.0,0.0,100.0,1,Gymnotyformes,100.0,False
BM204,babao,Brachyplatystoma platynemum,Brachyplatystoma,Cachoeira do Macaco,between Santo Antonio and Jirau rapids,vazante_seca,junho,2010,,,1,100.0,False,100.0,0.0,0.0,0.0,0.0,0.0,100.0,1,fish n.i.,100.0,False
BM205,babao,Brachyplatystoma platynemum,Brachyplatystoma,Cachoeira do Macaco,between Santo Antonio and Jirau rapids,vazante_seca,junho,2010,,,2,100.0,False,0.0,0.0,100.0,0.0,0.0,0.0,100.0,1,Gymnotyformes,100.0,False
BM206,piramutaba,Brachyplatystoma vaillantii,Brachyplatystoma,São Sebastião,downriver Santo Antonio rapid,cheia,dezembro,2010,41.0,970.0,3,180.0,True,0.0,0.0,55.5556,0.0,44.4444,0.0,100.0,2,Siluriformes,100.0,True
BM207,surubim,Pseudoplatystoma punctifer,Pseudoplatystoma,São Carlos,downriver Santo Antonio rapid,vazante_seca,agosto,2011,53.0,2000.0,1,100.0,False,100.0,0.0,0.0,0.0,0.0,0.0,100.0,1,fish n.i.,100.0,False
BM208,surubim,Pseudoplatystoma punctifer,Pseudoplatystoma,São Carlos,downriver Santo Antonio rapid,vazante_seca,agosto,2011,82.0,6000.0,2,100.0,False,0.0,0.0,0.0,0.0,100.0,0.0,100.0,1,Triportheus auritus,100.0,False
BM209,dourada,Brachyplatystoma rousseauxii,Brachyplatystoma,São Sebastião,downriver Santo Antonio rapid,cheia,january,2011,87.0,12000.0,3,100.0,False,0.0,0.0,0.0,0.0,100.0,0.0,100.0,1,Mylossoma spp.,100.0,False
BM210,dourada,Brachyplatystoma rousseauxii,Brachyplatystoma,São Sebastião,downriver Santo Antonio rapid,cheia,january,2011,88.0,11000.0,2,100.0,False,100.0,0.0,0.0,0.0,0.0,0.0,100.0,1,fish n.i.,100.0,False
BM211,dourada,Brachyplatystoma rousseauxii,Brachyplatystoma,São Sebastião,downriver Santo Antonio rapid,cheia,january,2011,96.0,16000.0,3,100.0,False,0.0,0.0,0.0,100.0,0.0,0.0,100.0,1,Pimelodidae,100.0,False
BM212,dourada,Brachyplatystoma rousseauxii,Brachyplatystoma,São Carlos,downriver Santo Antonio rapid,cheia,january,2011,90.0,13000.0,3,100.0,False,0.0,0.0,0.0,0.0,100.0,0.0,100.0,1,Pellona castelnaeana,100.0,False
BM213,dourada,Brachyplatystoma rousseauxii,Brachyplatystoma,São Carlos,downriver Santo Antonio rapid,cheia,january,2011,86.0,9000.0,3,100.0,False,0.0,0.0,0.0,100.0,0.0,0.0,100.0,1,Pimelodidae,100.0,False
BM214,dourada,Brachyplatystoma rousseauxii,Brachyplatystoma,São Carlos,downriver Santo Antonio rapid,cheia,january,2011,103.0,18000.0,3,100.0,False,20.0,0.0,0.0,0.0,80.0,0.0,100.0,2,Rhaphiodon vulpinus,80.0,True
BM215,babao,Brachyplatystoma platynemum,Brachyplatystoma,São Carlos,downriver Santo Antonio rapid,cheia,january,2011,71.0,4000.0,3,100.0,False,0.0,0.0,0.0,0.0,100.0,0.0,100.0,1,Triportheus  spp.,100.0,False
BM216,dourada,Brachyplatystoma rousseauxii,Brachyplatystoma,São Carlos,downriver Santo Antonio rapid,cheia,january,2011,79.0,8000.0,2,100.0,False,0.0,0.0,0.0,0.0,100.0,0.0,100.0,1,Potamorhina latior,100.0,False
BM217,dourada,Brachyplatystoma rousseauxii,Brachyplatystoma,Cachoeira Santo Antonio,downriver Santo Antonio rapid,cheia,january,2011,,,3,100.0,False,0.0,0.0,0.0,0.0,100.0,0.0,100.0,1,Pimelodina flavipinnis,100.0,False
BM218,filhote,Brachyplatystoma filamentosum,Brachyplatystoma,São Sebastião,downriver Santo Antonio rapid,cheia,fevereiro,2011,83.0,10000.0,3,100.0,False,0.0,0.0,0.0,0.0,100.0,0.0,100.0,1,Pimelodina flavipinnis,100.0,False
BM219,dourada,Brachyplatystoma rousseauxii,Brachyplatystoma,São Sebastião,downriver Santo Antonio rapid,cheia,fevereiro,2011,96.0,15000.0,3,100.0,False,0.0,0.0,0.0,0.0,100.0,0.0,100.0,1,Schizodon fasciatus,100.0,False
BM220,dourada,Brachyplatystoma rousseauxii,Brachyplatystoma,São Sebastião,downriver Santo Antonio rapid,cheia,fevereiro,2011,105.0,17000.0,3,100.0,False,0.0,0.0,0.0,0.0,100.0,0.0,100.0,1,Pimelodina flavipinnis,100.0,False
BM221,dourada,Brachyplatystoma rousseauxii,Brachyplatystoma,São Carlos,downriver Santo Antonio rapid,cheia,fevereiro,2011,105.0,18000.0,3,100.0,False,0.0,0.0,0.0,100.0,0.0,0.0,100.0,1,Anostomidae,100.0,False
BM222,babao,Brachyplatystoma platynemum,Brachyplatystoma,São Carlos,downriver Santo Antonio rapid,cheia,january,2011,79.0,6000.0,3,100.0,False,0.0,0.0,0.0,0.0,100.0,0.0,100.0,1,Cetopsis spp.,100.0,False
BM223,filhote,Brachyplatystoma filamentosum,Brachyplatystoma,São Carlos,downriver Santo Antonio rapid,cheia,january,2011,93.0,13000.0,3,100.0,False,0.0,0.0,50.0,0.0,50.0,0.0,100.0,2,Characiformes,50.0,True
BM224,dourada,Brachyplatystoma rousseauxii,Brachyplatystoma,São Carlos,downriver Santo Antonio rapid,cheia,fevereiro,2011,93.0,13000.0,3,99.99,True,0.0,0.0,0.0,0.0,100.0,0.0,100.0,2,Psectrogastrer essequibensis,66.66,True
BM225,filhote,Brachyplatystoma filamentosum,Brachyplatystoma,São Carlos,downriver Santo Antonio rapid,cheia,fevereiro,2011,103.0,19000.0,3,100.0,False,0.0,0.0,0.0,0.0,100.0,0.0,100.0,1,Pimelodina flavipinnis,100.0,False
BM226,filhote,Brachyplatystoma filamentosum,Brachyplatystoma,São Carlos,downriver Santo Antonio rapid,cheia,fevereiro,2011,91.0,12000.0,2,100.0,False,0.0,0.0,100.0,0.0,0.0,0.0,100.0,1,Characiformes,100.0,False
BM227,babao,Brachyplatystoma platynemum,Brachyplatystoma,São Carlos,downriver Santo Antonio rapid,cheia,fevereiro,2011,84.0,8000.0,3,100.0,False,0.0,0.0,0.0,0.0,100.0,0.0,100.0,1,Pimelodina flavipinnis,100.0,False
BM228,filhote,Brachyplatystoma filamentosum,Brachyplatystoma,Calama,downriver Santo Antonio rapid,cheia,january,2011,63.0,4500.0,2,100.0,False,0.0,0.0,0.0,0.0,100.0,0.0,100.0,1,Pellona spp.,100.0,False
BM229,jau,Zungaro zungaro,Zungaro,Cujubim,downriver Santo Antonio rapid,cheia,fevereiro,2011,,,3,100.0,False,0.0,0.0,0.0,0.0,100.0,0.0,100.0,1,Prochilodus nigricans,100.0,False
BM230,filhote,Brachyplatystoma filamentosum,Brachyplatystoma,São Carlos,downriver Santo Antonio rapid,cheia,marco,2011,81.0,9000.0,2,100.0,False,0.0,0.0,0.0,100.0,0.0,0.0,100.0,1,Pimelodidae,100.0,False
BM231,dourada,Brachyplatystoma rousseauxii,Brachyplatystoma,São Sebastião,downriver Santo Antonio rapid,cheia,fevereiro,2011,97.0,13000.0,3,100.0,False,0.0,0.0,0.0,0.0,100.0,0.0,100.0,1,Pimelodina flavipinnis,100.0,False
BM232,filhote,Brachyplatystoma filamentosum,Brachyplatystoma,São Carlos,downriver Santo Antonio rapid,cheia,abril,2011,93.0,13000.0,2,100.0,False,0.0,0.0,0.0,100.0,0.0,0.0,100.0,1,Pimelodidae,100.0,False
BM233,dourada,Brachyplatystoma rousseauxii,Brachyplatystoma,São Sebastião,downriver Santo Antonio rapid,cheia,fevereiro,2011,82.0,10000.0,3,100.0,False,0.0,0.0,0.0,100.0,0.0,0.0,100.0,1,Anostomidae,100.0,False
BM234,dourada,Brachyplatystoma rousseauxii,Brachyplatystoma,São Sebastião,downriver Santo Antonio rapid,cheia,fevereiro,2011,90.0,13000.0,3,100.0,False,0.0,0.0,0.0,0.0,100.0,0.0,100.0,1,Pimelodina flavipinnis,100.0,False
BM235,piramutaba,Brachyplatystoma vaillantii,Brachyplatystoma,São Carlos,downriver Santo Antonio rapid,cheia,january,2011,59.0,3500.0,3,100.0,False,0.0,0.0,0.0,0.0,100.0,0.0,100.0,1,Mylossoma spp.,100.0,False
BM236,piramutaba,Brachyplatystoma vaillantii,Brachyplatystoma,São Carlos,downriver Santo Antonio rapid,cheia,january,2011,39.0,600.0,2,100.0,False,0.0,0.0,0.0,0.0,100.0,0.0,100.0,2,Pimelodus blochii,90.0,True
BM237,piramutaba,Brachyplatystoma vaillantii,Brachyplatystoma,São Carlos,downriver Santo Antonio rapid,cheia,january,2011,,,2,100.0,False,100.0,0.0,0.0,0.0,0.0,0.0,100.0,1,fish n.i.,100.0,False
BM238,piramutaba,Brachyplatystoma vaillantii,Brachyplatystoma,São Carlos,downriver Santo Antonio rapid,cheia,january,2011,46.0,2000.0,2,100.0,False,0.0,0.0,0.0,0.0,100.0,0.0,100.0,1,Pimelodus spp.,100.0,False
BM239,piramutaba,Brachyplatystoma vaillantii,Brachyplatystoma,São Carlos,downriver Santo Antonio rapid,cheia,fevereiro,2011,43.0,1000.0,2,100.0,False,0.0,0.0,0.0,0.0,100.0,0.0,100.0,1,Triportheus  spp.,100.0,False
BM240,filhote,Brachyplatystoma filamentosum,Brachyplatystoma,São Sebastião,downriver Santo Antonio rapid,vazante_seca,agosto,2011,91.0,8000.0,3,100.0,False,0.0,0.0,0.0,0.0,100.0,0.0,100.0,1,Exallodontus aguanai,100.0,False
BM241,dourada,Brachyplatystoma rousseauxii,Brachyplatystoma,São Sebastião,downriver Santo Antonio rapid,vazante_seca,setembro,2011,77.0,6740.0,3,100.0,False,0.0,0.0,0.0,0.0,100.0,0.0,100.0,1,Hypophthalmus marginatus,100.0,False
BM242,piramutaba,Brachyplatystoma vaillantii,Brachyplatystoma,São Sebastião,downriver Santo Antonio rapid,vazante_seca,setembro,2011,37.0,690.0,2,100.0,False,0.0,0.0,0.0,100.0,0.0,0.0,100.0,1,Pimelodidae,100.0,False
BM243,piramutaba,Brachyplatystoma vaillantii,Brachyplatystoma,São Sebastião,downriver Santo Antonio rapid,vazante_seca,setembro,2011,39.0,810.0,1,100.0,False,100.0,0.0,0.0,0.0,0.0,0.0,100.0,1,fish n.i.,100.0,False
BM244,filhote,Brachyplatystoma filamentosum,Brachyplatystoma,São Sebastião,downriver Santo Antonio rapid,vazante_seca,agosto,2011,88.0,8000.0,3,100.0,False,0.0,0.0,0.0,0.0,100.0,0.0,100.0,1,Cetopsis candiru,100.0,False
BM245,dourada,Brachyplatystoma rousseauxii,Brachyplatystoma,São Sebastião,downriver Santo Antonio rapid,vazante_seca,agosto,2011,82.0,7000.0,3,100.0,False,0.0,0.0,0.0,0.0,100.0,0.0,100.0,1,Cetopsis coecutiens,100.0,False
BM246,dourada,Brachyplatystoma rousseauxii,Brachyplatystoma,São Sebastião,downriver Santo Antonio rapid,vazante_seca,julho,2011,50.0,1540.0,3,100.0,False,0.0,0.0,40.0,0.0,60.0,0.0,100.0,2,Caenotropus sp.,60.0,True
BM247,piramutaba,Brachyplatystoma vaillantii,Brachyplatystoma,São Sebastião,downriver Santo Antonio rapid,vazante_seca,setembro,2011,44.0,1280.0,3,100.0,False,0.0,0.0,0.0,0.0,100.0,0.0,100.0,1,Pimelodus blochii,100.0,False
BM248,piramutaba,Brachyplatystoma vaillantii,Brachyplatystoma,São Sebastião,downriver Santo Antonio rapid,vazante_seca,julho,2011,40.0,340.0,3,100.0,False,100.0,0.0,0.0,0.0,0.0,0.0,100.0,1,fish n.i.,100.0,False
BM249,babao,Brachyplatystoma platynemum,Brachyplatystoma,São Sebastião,downriver Santo Antonio rapid,vazante_seca,julho,2011,52.0,2000.0,3,100.0,False,0.0,0.0,0.0,30.0,70.0,0.0,100.0,2,Psectrogaster amazonica,70.0,True
BM250,piramutaba,Brachyplatystoma vaillantii,Brachyplatystoma,São Sebastião,downriver Santo Antonio rapid,vazante_seca,setembro,2011,36.0,850.0,1,100.0,False,0.0,100.0,0.0,0.0,0.0,0.0,100.0,1,scales,100.0,False
BM251,piramutaba,Brachyplatystoma vaillantii,Brachyplatystoma,São Sebastião,downriver Santo Antonio rapid,vazante_seca,setembro,2011,42.0,1310.0,3,100.0,False,0.0,0.0,0.0,0.0,100.0,0.0,100.0,1,Pimelodus blochii,100.0,False
BM252,piramutaba,Brachyplatystoma vaillantii,Brachyplatystoma,São Sebastião,downriver Santo Antonio rapid,vazante_seca,setembro,2011,35.0,690.0,1,100.0,False,0.0,100.0,0.0,0.0,0.0,0.0,100.0,1,scales,100.0,False
BM253,dourada,Brachyplatystoma rousseauxii,Brachyplatystoma,São Carlos,downriver Santo Antonio rapid,vazante_seca,agosto,2011,71.0,6040.0,3,100.0,False,0.0,0.0,0.0,0.0,100.0,0.0,100.0,1,Hypophthalmus marginatus,100.0,False
BM254,piramutaba,Brachyplatystoma vaillantii,Brachyplatystoma,São Carlos,downriver Santo Antonio rapid,vazante_seca,agosto,2011,30.0,340.0,1,100.0,False,100.0,0.0,0.0,0.0,0.0,0.0,100.0,1,fish n.i.,100.0,False
BM255,piramutaba,Brachyplatystoma vaillantii,Brachyplatystoma,São Carlos,downriver Santo Antonio rapid,vazante_seca,setembro,2011,30.0,400.0,2,100.0,False,100.0,0.0,0.0,0.0,0.0,0.0,100.0,1,fish n.i.,100.0,False
BM256,piramutaba,Brachyplatystoma vaillantii,Brachyplatystoma,São Carlos,downriver Santo Antonio rapid,vazante_seca,agosto,2011,30.0,380.0,2,100.0,False,0.0,0.0,100.0,0.0,0.0,0.0,100.0,1,Siluriformes,100.0,False
BM257,piramutaba,Brachyplatystoma vaillantii,Brachyplatystoma,São Carlos,downriver Santo Antonio rapid,vazante_seca,setembro,2011,34.0,420.0,3,100.0,False,0.0,0.0,100.0,0.0,0.0,0.0,100.0,1,Siluriformes,100.0,False
BM258,piramutaba,Brachyplatystoma vaillantii,Brachyplatystoma,São Carlos,downriver Santo Antonio rapid,vazante_seca,agosto,2011,32.0,420.0,1,100.0,False,100.0,0.0,0.0,0.0,0.0,0.0,100.0,1,fish n.i.,100.0,False
BM259,piramutaba,Brachyplatystoma vaillantii,Brachyplatystoma,São Carlos,downriver Santo Antonio rapid,vazante_seca,agosto,2011,31.0,420.0,2,100.0,False,0.0,100.0,0.0,0.0,0.0,0.0,100.0,1,bones,100.0,False
BM260,dourada,Brachyplatystoma rousseauxii,Brachyplatystoma,São Sebastião,downriver Santo Antonio rapid,vazante_seca,maio,2011,85.0,11000.0,2,100.0,False,0.0,0.0,0.0,0.0,100.0,0.0,100.0,1,Pimelodina flavipinnis,100.0,False
BM261,piramutaba,Brachyplatystoma vaillantii,Brachyplatystoma,São Sebastião,downriver Santo Antonio rapid,vazante_seca,maio,2011,48.0,2000.0,2,100.0,False,0.0,0.0,40.0,0.0,60.0,0.0,100.0,2,Psectrogaster rutiloides,60.0,True
BM262,piramutaba,Brachyplatystoma vaillantii,Brachyplatystoma,São Sebastião,downriver Santo Antonio rapid,vazante_seca,maio,2011,57.0,3000.0,2,100.0,False,0.0,0.0,0.0,0.0,100.0,0.0,100.0,1,Potamorhina spp.,100.0,False
BM263,piramutaba,Brachyplatystoma vaillantii,Brachyplatystoma,São Sebastião,downriver Santo Antonio rapid,vazante_seca,junho,2011,52.0,2200.0,2,100.0,False,0.0,0.0,0.0,0.0,100.0,0.0,100.0,1,Anadoras weddellii,100.0,False
BM264,piramutaba,Brachyplatystoma vaillantii,Brachyplatystoma,São Sebastião,downriver Santo Antonio rapid,vazante_seca,junho,2011,37.0,780.0,2,100.0,False,0.0,0.0,0.0,0.0,100.0,0.0,100.0,1,Anadoras weddellii,100.0,False
BM265,piramutaba,Brachyplatystoma vaillantii,Brachyplatystoma,São Sebastião,downriver Santo Antonio rapid,vazante_seca,junho,2011,46.0,1340.0,2,100.0,False,0.0,0.0,0.0,0.0,100.0,0.0,100.0,2,Potamorhina altamazonica,50.0,True
BM266,piramutaba,Brachyplatystoma vaillantii,Brachyplatystoma,São Sebastião,downriver Santo Antonio rapid,vazante_seca,junho,2011,43.0,1160.0,2,100.0,False,0.0,0.0,0.0,0.0,100.0,0.0,100.0,1,Anadoras weddellii,100.0,False
BM267,piramutaba,Brachyplatystoma vaillantii,Brachyplatystoma,São Sebastião,downriver Santo Antonio rapid,vazante_seca,maio,2011,36.0,1000.0,3,100.0,False,0.0,0.0,100.0,0.0,0.0,0.0,100.0,1,Characiformes,100.0,False
BM268,piramutaba,Brachyplatystoma vaillantii,Brachyplatystoma,São Sebastião,downriver Santo Antonio rapid,vazante_seca,maio,2011,45.0,1500.0,2,100.0,False,0.0,0.0,0.0,0.0,100.0,0.0,100.0,1,Pterodoras granulosus,100.0,False
BM269,piramutaba,Brachyplatystoma vaillantii,Brachyplatystoma,São Sebastião,downriver Santo Antonio rapid,vazante_seca,junho,2011,41.0,960.0,2,100.0,False,0.0,0.0,100.0,0.0,0.0,0.0,100.0,1,Siluriformes,100.0,False
BM270,piramutaba,Brachyplatystoma vaillantii,Brachyplatystoma,São Sebastião,downriver Santo Antonio rapid,vazante_seca,maio,2011,24.0,400.0,2,100.0,False,0.0,0.0,100.0,0.0,0.0,0.0,100.0,1,Siluriformes,100.0,False
BM271,filhote,Brachyplatystoma filamentosum,Brachyplatystoma,São Sebastião,downriver Santo Antonio rapid,vazante_seca,maio,2011,95.0,11000.0,3,100.0,False,0.0,0.0,0.0,0.0,100.0,0.0,100.0,1,Planiloricaria cryptodon,100.0,False
BM272,filhote,Brachyplatystoma filamentosum,Brachyplatystoma,São Sebastião,downriver Santo Antonio rapid,vazante_seca,maio,2011,85.0,9000.0,3,100.0,False,0.0,0.0,0.0,0.0,100.0,0.0,100.0,1,Planiloricaria cryptodon,100.0,False
BM273,piramutaba,Brachyplatystoma vaillantii,Brachyplatystoma,São Sebastião,downriver Santo Antonio rapid,vazante_seca,junho,2011,46.0,1200.0,2,100.0,False,0.0,0.0,0.0,0.0,100.0,0.0,100.0,1,Anadoras weddellii,100.0,False
BM274,piramutaba,Brachyplatystoma vaillantii,Brachyplatystoma,São Sebastião,downriver Santo Antonio rapid,vazante_seca,maio,2011,23.0,600.0,1,100.0,False,100.0,0.0,0.0,0.0,0.0,0.0,100.0,1,fish n.i.,100.0,False
BM275,piramutaba,Brachyplatystoma vaillantii,Brachyplatystoma,São Sebastião,downriver Santo Antonio rapid,vazante_seca,junho,2011,56.0,2780.0,1,100.0,False,100.0,0.0,0.0,0.0,0.0,0.0,100.0,1,fish n.i.,100.0,False
BM276,piramutaba,Brachyplatystoma vaillantii,Brachyplatystoma,São Sebastião,downriver Santo Antonio rapid,vazante_seca,junho,2011,40.0,960.0,3,100.0,False,0.0,0.0,0.0,0.0,100.0,0.0,100.0,1,Pimelodus blochii,100.0,False
BM277,piramutaba,Brachyplatystoma vaillantii,Brachyplatystoma,São Sebastião,downriver Santo Antonio rapid,vazante_seca,junho,2011,42.0,1240.0,2,100.0,False,0.0,0.0,40.0,0.0,60.0,0.0,100.0,2,Sternarchogiton preto,60.0,True
BM278,piramutaba,Brachyplatystoma vaillantii,Brachyplatystoma,São Sebastião,downriver Santo Antonio rapid,vazante_seca,maio,2011,29.0,700.0,1,100.0,False,0.0,0.0,100.0,0.0,0.0,0.0,100.0,1,Gymnotyformes,100.0,False
BM279,piramutaba,Brachyplatystoma vaillantii,Brachyplatystoma,São Sebastião,downriver Santo Antonio rapid,vazante_seca,junho,2011,40.0,940.0,1,100.0,False,100.0,0.0,0.0,0.0,0.0,0.0,100.0,1,fish n.i.,100.0,False
BM280,piramutaba,Brachyplatystoma vaillantii,Brachyplatystoma,São Sebastião,downriver Santo Antonio rapid,vazante_seca,maio,2011,40.0,1000.0,2,100.0,False,0.0,0.0,0.0,0.0,100.0,0.0,100.0,1,Psectrogaster rutiloides,100.0,False
BM281,piramutaba,Brachyplatystoma vaillantii,Brachyplatystoma,São Sebastião,downriver Santo Antonio rapid,vazante_seca,junho,2011,33.0,540.0,2,100.0,False,0.0,0.0,100.0,0.0,0.0,0.0,100.0,1,Siluriformes,100.0,False
BM282,piramutaba,Brachyplatystoma vaillantii,Brachyplatystoma,São Sebastião,downriver Santo Antonio rapid,vazante_seca,junho,2011,62.0,3840.0,3,100.0,False,20.0,0.0,30.0,0.0,50.0,0.0,100.0,4,Characiformes,30.0,True
BM283,piramutaba,Brachyplatystoma vaillantii,Brachyplatystoma,São Sebastião,downriver Santo Antonio rapid,vazante_seca,maio,2011,57.0,3000.0,3,100.0,False,0.0,0.0,0.0,0.0,100.0,0.0,100.0,1,Potamorhina altamazonica,100.0,False
BM284,piramutaba,Brachyplatystoma vaillantii,Brachyplatystoma,São Sebastião,downriver Santo Antonio rapid,vazante_seca,junho,2011,35.0,540.0,2,100.0,False,0.0,0.0,0.0,0.0,100.0,0.0,100.0,1,Pimelodus blochii,100.0,False
BM285,dourada,Brachyplatystoma rousseauxii,Brachyplatystoma,São Carlos,downriver Santo Antonio rapid,cheia,abril,2011,82.0,8000.0,3,100.0,False,0.0,0.0,0.0,0.0,100.0,0.0,100.0,1,Pimelodus blochii,100.0,False
BM286,dourada,Brachyplatystoma rousseauxii,Brachyplatystoma,São Carlos,downriver Santo Antonio rapid,vazante_seca,setembro,2011,1015.0,13100.0,3,100.0,False,0.0,0.0,0.0,0.0,100.0,0.0,100.0,2,Hypophthalmus marginatus,80.0,True
BM287,piramutaba,Brachyplatystoma vaillantii,Brachyplatystoma,São Carlos,downriver Santo Antonio rapid,vazante_seca,setembro,2011,32.0,460.0,2,100.0,False,100.0,0.0,0.0,0.0,0.0,0.0,100.0,1,fish n.i.,100.0,False
BM288,filhote,Brachyplatystoma filamentosum,Brachyplatystoma,São Carlos,downriver Santo Antonio rapid,cheia,abril,2011,90.0,11000.0,1,100.0,False,0.0,0.0,100.0,0.0,0.0,0.0,100.0,1,Siluriformes,100.0,False
BM289,piramutaba,Brachyplatystoma vaillantii,Brachyplatystoma,São Carlos,downriver Santo Antonio rapid,vazante_seca,setembro,2011,31.0,460.0,2,100.0,False,100.0,0.0,0.0,0.0,0.0,0.0,100.0,1,fish n.i.,100.0,False
BM290,filhote,Brachyplatystoma filamentosum,Brachyplatystoma,Calama,downriver Santo Antonio rapid,vazante_seca,maio,2011,,15000.0,2,100.0,False,0.0,0.0,0.0,0.0,100.0,0.0,100.0,1,Ancistrus sp. sideral,100.0,False
BM291,filhote,Brachyplatystoma filamentosum,Brachyplatystoma,Calama,downriver Santo Antonio rapid,vazante_seca,maio,2011,111.0,24000.0,3,100.0,False,0.0,0.0,0.0,0.0,100.0,0.0,100.0,1,Nemadoras humeralis,100.0,False
BM292,filhote,Brachyplatystoma filamentosum,Brachyplatystoma,Calama,downriver Santo Antonio rapid,vazante_seca,junho,2011,64.0,4000.0,3,100.0,False,0.0,0.0,0.0,0.0,100.0,0.0,100.0,1,Tetragonopterus argenteus,100.0,False
BM293,filhote,Brachyplatystoma filamentosum,Brachyplatystoma,Calama,downriver Santo Antonio rapid,vazante_seca,junho,2011,101.0,12140.0,2,100.0,False,0.0,0.0,0.0,0.0,100.0,0.0,100.0,1,Anadoras weddellii,100.0,False
BM294,dourada,Brachyplatystoma rousseauxii,Brachyplatystoma,Calama,downriver Santo Antonio rapid,vazante_seca,maio,2011,88.0,8830.0,2,100.0,False,0.0,0.0,0.0,0.0,100.0,0.0,100.0,1,Pimelodina flavipinnis,100.0,False
BM295,piramutaba,Brachyplatystoma vaillantii,Brachyplatystoma,São Sebastião,downriver Santo Antonio rapid,vazante_seca,junho,2011,38.0,820.0,2,100.0,False,0.0,0.0,100.0,0.0,0.0,0.0,100.0,1,Gymnotyformes,100.0,False
BM296,piramutaba,Brachyplatystoma vaillantii,Brachyplatystoma,São Sebastião,downriver Santo Antonio rapid,vazante_seca,junho,2011,36.0,740.0,2,100.0,False,0.0,0.0,0.0,0.0,100.0,0.0,100.0,1,Pimelodus blochii,100.0,False
BM297,piramutaba,Brachyplatystoma vaillantii,Brachyplatystoma,São Sebastião,downriver Santo Antonio rapid,vazante_seca,junho,2011,36.0,400.0,3,100.0,False,0.0,0.0,0.0,0.0,100.0,0.0,100.0,1,Pimelodus blochii,100.0,False
BM298,piramutaba,Brachyplatystoma vaillantii,Brachyplatystoma,São Sebastião,downriver Santo Antonio rapid,vazante_seca,junho,2011,33.0,480.0,3,100.0,False,0.0,0.0,0.0,0.0,100.0,0.0,100.0,2,Triportheus  spp.,80.0,True
BM299,piramutaba,Brachyplatystoma vaillantii,Brachyplatystoma,São Sebastião,downriver Santo Antonio rapid,vazante_seca,junho,2011,32.0,800.0,3,100.0,False,0.0,0.0,20.0,20.0,55.0,5.0,100.0,4,Pimelodus blochii,55.0,True
BM300,piramutaba,Brachyplatystoma vaillantii,Brachyplatystoma,São Sebastião,downriver Santo Antonio rapid,vazante_seca,junho,2011,56.0,2000.0,2,100.0,False,0.0,0.0,0.0,0.0,100.0,0.0,100.0,1,Triportheus  spp.,100.0,False
BM301,piramutaba,Brachyplatystoma vaillantii,Brachyplatystoma,São Sebastião,downriver Santo Antonio rapid,vazante_seca,junho,2011,39.0,810.0,3,100.0,False,15.0,0.0,15.0,0.0,70.0,0.0,100.0,4,Pterodoras granulosus,40.0,True
BM302,piramutaba,Brachyplatystoma vaillantii,Brachyplatystoma,São Sebastião,downriver Santo Antonio rapid,vazante_seca,junho,2011,45.0,1500.0,3,100.0,False,10.0,0.0,0.0,0.0,90.0,0.0,100.0,4,Triportheus  spp.,70.0,True
BM303,piramutaba,Brachyplatystoma vaillantii,Brachyplatystoma,São Sebastião,downriver Santo Antonio rapid,vazante_seca,junho,2011,37.0,500.0,3,100.0,False,0.0,0.0,0.0,0.0,100.0,0.0,100.0,2,Pimelodus blochii,50.0,True
BM304,piramutaba,Brachyplatystoma vaillantii,Brachyplatystoma,São Sebastião,downriver Santo Antonio rapid,vazante_seca,junho,2011,58.0,1600.0,3,100.0,False,0.0,0.0,0.0,0.0,100.0,0.0,100.0,1,Triportheus angulatus,100.0,False
BM305,piramutaba,Brachyplatystoma vaillantii,Brachyplatystoma,São Sebastião,downriver Santo Antonio rapid,vazante_seca,junho,2011,52.0,2180.0,2,100.0,False,100.0,0.0,0.0,0.0,0.0,0.0,100.0,1,fish n.i.,100.0,False
BM306,piramutaba,Brachyplatystoma vaillantii,Brachyplatystoma,São Sebastião,downriver Santo Antonio rapid,vazante_seca,junho,2011,52.0,1880.0,2,100.0,False,0.0,0.0,0.0,100.0,0.0,0.0,100.0,1,Pimelodidae,100.0,False
BM307,piramutaba,Brachyplatystoma vaillantii,Brachyplatystoma,São Sebastião,downriver Santo Antonio rapid,vazante_seca,junho,2011,48.0,1000.0,1,100.0,False,100.0,0.0,0.0,0.0,0.0,0.0,100.0,1,fish n.i.,100.0,False
BM308,piramutaba,Brachyplatystoma vaillantii,Brachyplatystoma,São Sebastião,downriver Santo Antonio rapid,vazante_seca,junho,2011,43.0,600.0,1,100.0,False,100.0,0.0,0.0,0.0,0.0,0.0,100.0,1,fish n.i.,100.0,False
BM309,piramutaba,Brachyplatystoma vaillantii,Brachyplatystoma,São Sebastião,downriver Santo Antonio rapid,vazante_seca,junho,2011,49.0,840.0,1,100.0,False,100.0,0.0,0.0,0.0,0.0,0.0,100.0,1,fish n.i.,100.0,False
BM310,piramutaba,Brachyplatystoma vaillantii,Brachyplatystoma,São Sebastião,downriver Santo Antonio rapid,vazante_seca,junho,2011,33.0,600.0,1,100.0,False,100.0,0.0,0.0,0.0,0.0,0.0,100.0,1,fish n.i.,100.0,False
BM311,piramutaba,Brachyplatystoma vaillantii,Brachyplatystoma,São Sebastião,downriver Santo Antonio rapid,vazante_seca,junho,2011,46.0,1200.0,2,100.0,False,80.0,0.0,0.0,0.0,0.0,20.0,100.0,4,fish n.i.,80.0,True
BM312,piramutaba,Brachyplatystoma vaillantii,Brachyplatystoma,São Sebastião,downriver Santo Antonio rapid,vazante_seca,junho,2011,36.0,420.0,3,100.0,False,0.0,0.0,0.0,0.0,100.0,0.0,100.0,1,Triportheus  spp.,100.0,False
BM313,piramutaba,Brachyplatystoma vaillantii,Brachyplatystoma,São Sebastião,downriver Santo Antonio rapid,vazante_seca,junho,2011,35.0,520.0,3,100.0,False,100.0,0.0,0.0,0.0,0.0,0.0,100.0,1,fish n.i.,100.0,False
BM314,piramutaba,Brachyplatystoma vaillantii,Brachyplatystoma,São Sebastião,downriver Santo Antonio rapid,vazante_seca,junho,2011,40.0,1000.0,3,100.0,False,60.0,0.0,20.0,0.0,20.0,0.0,100.0,3,fish n.i.,60.0,True
BM315,piramutaba,Brachyplatystoma vaillantii,Brachyplatystoma,Cachoeira do Teotônio,between Santo Antonio and Jirau rapids,cheia,abril,2011,33.0,535.0,2,100.0,False,0.0,0.0,0.0,20.0,80.0,0.0,100.0,2,Pterodoras granulosus,80.0,True
