 popular_name;specie;localilty;area;season;month;year;standard_length (cm);weigth (g);stomach_fullness ;fish n.i.;bones;Characiformes;Clupeiformes;Gymnotyformes;Siluriformes;Anostomidae;Characidae;Curimatidae;Doradidae;Hemiodontidae;Pimelodidae;Myleinae;Tetragonopterinae;Adontosternarchus balaenops;Anadoras weddellii;Ancistrus sp. sideral;Apteronotus bonaparti;Astrodoras asterifrons;Astyanax aff. bimaculatus;Bryconops alburnoides;Calophysus macropterus;Cetopsis candiru;Cetopsis coecutiens;Curimatella meyeri;Duopalatinum peruano;Exallodontus aguanai;Hoplosternum littorale;Hypophthalmus marginatus;Leptodoras juruensis;Nemadoras humeralis;Mylossoma duriventre;Pellona castelnaeana;Pimelodina flavipinnis;Pimelodus blochii;Planiloricaria cryptodon;Potamorhina altamazonica;Potamorhina latior;Prochilodus nigricans;Psectrogaster amazonica;Psectrogastrer essequibensis;Psectrogaster rutiloides;Pseudanos trimaculatus;Pterodoras granulosus;Rhaphiodon vulpinus;Roeboides myersi;Schizodon fasciatus;Semaprochilodus insignis;Sternarchogiton preto;Tetragonopterus argenteus;Triportheus angulatus;Triportheus auritus;Acestrorhynchus spp.;Amblydoras spp.;Anodus spp.;Aphyocharax sp.;Brycon spp.;Caenotropus sp.;Cetopsis spp.;Crenicichla spp.;Geophagus spp.;Hypophthalmus spp.;Leporinus spp.;Megalonema spp.;Moenkhausia spp.;Mylossoma spp.;Pellona spp.;Pimelodus spp.;Pimelodella spp.;Plasgioscion spp.;Potamorhina spp.;Psectrogaster spp.;Semaprochilodus spp.;Sorubim spp.;Symbranchus spp.;Tetragonopterus spp.;Trachydoras spp.;Triportheus  spp.;scales;Coleoptera;Megaloptera;Trichoptera;Trichodactylus sp.;Macrobrachium spp.;reamins of invertebrates
Babão;Brachyplatystoma platynemum;São Carlos;downriver Santo Antonio rapid;High-water;December;2009;69;3000;2;;;;;;;;;;;;;;;;;;;;;;;;;;;;;;;;;;;;;;;;;;;;;;;;;;;;;;;;;;;;;;;;;;;;;;;;;;;;;;100;;;;;;;
Babão;Brachyplatystoma platynemum;São Carlos;downriver Santo Antonio rapid;High-water;December;2009;59;2000;2;;;;;;;;;;;;;;;;;;;;;;;;;;;;;;;;;;;;;;;;;;;;;;;;;;;;;;;;;;;;;;;;;;;;;;;;;;;;;;100;;;;;;;
Babão;Brachyplatystoma platynemum;São Carlos;downriver Santo Antonio rapid;High-water;December;2009;72;4000;3;;;;;;;;;;;;;;;;;;;;;;;;;;;;;;;;;;;;;;;;;;;;;;;;;;;;;;;;;;;;;;;;;;;;;;;;;;;;;;100;;;;;;;
Babão;Brachyplatystoma platynemum;Cachoeira do Macaco;between Santo Antonio and Jirau rapids;Low-water;June;2009;57;2000;1;;;;;;100;;;;;;;;;;;;;;;;;;;;;;;;;;;;;;;;;;;;;;;;;;;;;;;;;;;;;;;;;;;;;;;;;;;;;;;;;;;;;;;
Babão;Brachyplatystoma platynemum;Cachoeira do Macaco;between Santo Antonio and Jirau rapids;Low-water;June;2009;47;2000;2;;;;;100;;;;;;;;;;;;;;;;;;;;;;;;;;;;;;;;;;;;;;;;;;;;;;;;;;;;;;;;;;;;;;;;;;;;;;;;;;;;;;;;
Filhote;Brachyplatystoma filamentosum;Jaciparaná ;between Santo Antonio and Jirau rapids;Low-water;September;2009;89;10000;1;;;;;;;;;;;;;;;;;;;;;;;;;100;;;;;;;;;;;;;;;;;;;;;;;;;;;;;;;;;;;;;;;;;;;;;;;;;;;;;;;;;;;;
Filhote;Brachyplatystoma filamentosum;Cachoeira do Teotônio;between Santo Antonio and Jirau rapids;Low-water;July;2009;119;24000;2;;;;;;;;;;;;;;;;;;;;;;;;100;;;;;;;;;;;;;;;;;;;;;;;;;;;;;;;;;;;;;;;;;;;;;;;;;;;;;;;;;;;;;
Filhote;Brachyplatystoma filamentosum;São Carlos;downriver Santo Antonio rapid;Low-water;August;2009;82;8000;3;;;;;;;;;;;;;;;;;;;;;;;;;;;;;;;;;;;;;;;;;;;;;;;;;;;;;;;;;;;;;;;100;;;;;;;;;;;;;;;;;;;;;;
Filhote;Brachyplatystoma filamentosum;Jaciparaná;between Santo Antonio and Jirau rapids;Low-water;June;2009;74;4700;1;;;;;;;;;;;;;;;;;;;;;;;;;;;;;;;;;;;;;;;;;;;;;;;;;;;;;;;100;;;;;;;;;;;;;;;;;;;;;;;;;;;;;;
Filhote;Brachyplatystoma filamentosum;São Carlos;downriver Santo Antonio rapid;Low-water;May;2009;97;14000;1;100;;;;;;;;;;;;;;;;;;;;;;;;;;;;;;;;;;;;;;;;;;;;;;;;;;;;;;;;;;;;;;;;;;;;;;;;;;;;;;;;;;;;
Filhote;Brachyplatystoma filamentosum;São Carlos;downriver Santo Antonio rapid;High-water;April;2009;;17000;2;;;;;;100;;;;;;;;;;;;;;;;;;;;;;;;;;;;;;;;;;;;;;;;;;;;;;;;;;;;;;;;;;;;;;;;;;;;;;;;;;;;;;;
Filhote;Brachyplatystoma filamentosum;São Carlos;downriver Santo Antonio rapid;Low-water;September;2009;94;13800;3;;;;;;;;;;;;;;;;;;;;;;;;;;;;;;;;;;;;;;;;;;;;100;;;;;;;;;;;;;;;;;;;;;;;;;;;;;;;;;;;;;;;;;
Filhote;Brachyplatystoma filamentosum;São Carlos;downriver Santo Antonio rapid;High-water;December;2009;123;30000;3;;;;;;;;;;;;;100;;;;;;;;;;;;;;;;;;;;;;;;;;;;;;;;;;;;;;;;;;;;;;;;;;;;;;;;;;;;;;;;;;;;;;;;
Filhote;Brachyplatystoma filamentosum;São Carlos;downriver Santo Antonio rapid;High-water;December;2009;94;13000;3;;;;;;;;;;;;;;;;;;;;;;;;;;;;;;;;100;;;;;;;;;;;;;;;;;;;;;;;;;;;;;;;;;;;;;;;;;;;;;;;;;;;;;
Filhote;Brachyplatystoma filamentosum;São Carlos;downriver Santo Antonio rapid;High-water;November;2009;87;11500;2;;;100;;;;;;;;;;;;;;;;;;;;;;;;;;;;;;;;;;;;;;;;;;;;;;;;;;;;;;;;;;;;;;;;;;;;;;;;;;;;;;;;;;
Dourada;Brachyplatystoma rousseauxii;Cachoeira do Teotônio;between Santo Antonio and Jirau rapids;Low-water;May;2009;99;;1;100;;;;;;;;;;;;;;;;;;;;;;;;;;;;;;;;;;;;;;;;;;;;;;;;;;;;;;;;;;;;;;;;;;;;;;;;;;;;;;;;;;;;
Dourada;Brachyplatystoma rousseauxii;Cachoeira do Teotônio;between Santo Antonio and Jirau rapids;Low-water;May;2009;79;;1;100;;;;;;;;;;;;;;;;;;;;;;;;;;;;;;;;;;;;;;;;;;;;;;;;;;;;;;;;;;;;;;;;;;;;;;;;;;;;;;;;;;;;
Dourada;Brachyplatystoma rousseauxii;São Carlos;downriver Santo Antonio rapid;Low-water;August;2009;85;10000;3;;;;;;;;;;;;;;;;;;;;;;;;;;;;;100;;;;;;;;;;;;;;;;;;;;;;;;;;;;;;;;;;;;;;;;;;;;;;;;;;;;;;;;
Dourada;Brachyplatystoma rousseauxii;São Carlos;downriver Santo Antonio rapid;Low-water;August;2009;82;9000;3;;;;;;;;;;;;;;;;;;;;;;;;;;;;;100;;;;;;;;;;;;;;;;;;;;;;;;;;;;;;;;;;;;;;;;;;;;;;;;;;;;;;;;
Dourada;Brachyplatystoma rousseauxii;São Carlos;downriver Santo Antonio rapid;Low-water;September;2009;82;8000;3;;;;;;;;;;;;;;;;;;;;;;;;;;;;;100;;;;;;;;;;;;;;;;;;;;;;;;;;;;;;;;;;;;;;;;;;;;;;;;;;;;;;;;
Dourada;Brachyplatystoma rousseauxii;São Carlos;downriver Santo Antonio rapid;Low-water;September;2009;80;7500;3;;;;;;;;;;;;;;;;;;;;;;;;;;;;;100;;;;;;;;;;;;;;;;;;;;;;;;;;;;;;;;;;;;;;;;;;;;;;;;;;;;;;;;
Dourada;Brachyplatystoma rousseauxii;São Carlos;downriver Santo Antonio rapid;Low-water;August;2009;73;6000;2;;;100;;;;;;;;;;;;;;;;;;;;;;;;;;;;;;;;;;;;;;;;;;;;;;;;;;;;;;;;;;;;;;;;;;;;;;;;;;;;;;;;;;
Dourada;Brachyplatystoma rousseauxii;São Carlos;downriver Santo Antonio rapid;High-water;April;2009;;13000;2;;;;;;;;;;;;100;;;;;;;;;;;;;;;;;;;;;;;;;;;;;;;;;;;;;;;;;;;;;;;;;;;;;;;;;;;;;;;;;;;;;;;;;
Dourada;Brachyplatystoma rousseauxii;São Carlos;downriver Santo Antonio rapid;High-water;December;2009;76;6000;3;;;;;100;;;;;;;;;;;;;;;;;;;;;;;;;;;;;;;;;;;;;;;;;;;;;;;;;;;;;;;;;;;;;;;;;;;;;;;;;;;;;;;;
Dourada;Brachyplatystoma rousseauxii;Humaitá;downriver Santo Antonio rapid;High-water;December;2009;;;1;55;;;;;;;;;;;;;;;;;;;;;;;;;;;;;;;;;;;;;;;;;;;;;;;;;;;;;;;;;;;;;;;;;;;;;;;;;;;;;;;;;;;45;
Filhote;Brachyplatystoma filamentosum;Calama;downriver Santo Antonio rapid;Low-water;June;2009;101;12000;3;;;;;;;;;;;;;;;;;;;;;;;;;;;;;;;;;;;;100;;;;;;;;;;;;;;;;;;;;;;;;;;;;;;;;;;;;;;;;;;;;;;;;;
Filhote;Brachyplatystoma filamentosum;Cachoeira do Macaco;between Santo Antonio and Jirau rapids;Low-water;June;2009;98;6000;1;;;;;20;80;;;;;;;;;;;;;;;;;;;;;;;;;;;;;;;;;;;;;;;;;;;;;;;;;;;;;;;;;;;;;;;;;;;;;;;;;;;;;;;
Filhote;Brachyplatystoma filamentosum;Calama;downriver Santo Antonio rapid;Low-water;June;2009;90;9500;1;;;;;;;;;;100;;;;;;;;;;;;;;;;;;;;;;;;;;;;;;;;;;;;;;;;;;;;;;;;;;;;;;;;;;;;;;;;;;;;;;;;;;;
Dourada;Brachyplatystoma rousseauxii;Cujubim Grande;downriver Santo Antonio rapid;Low-water;May;2009;;13000;3;;;;;;;;;;;;;;;;;;;;;;;;100;;;;;;;;;;;;;;;;;;;;;;;;;;;;;;;;;;;;;;;;;;;;;;;;;;;;;;;;;;;;;
Dourada;Brachyplatystoma rousseauxii;São Carlos;downriver Santo Antonio rapid;Low-water;September;2009;92;12000;3;;;;;;;;;;;;;;;;;;;;;;;;;;;;;;;;;;;;;;;;;;;;;;;;;;;;;;;;;;;;;;;;;;;;;;;;;;;;;;100;;;;;;;
Filhote;Brachyplatystoma filamentosum;São Carlos;downriver Santo Antonio rapid;Low-water;October;2009;104;16000;3;;;;;;;;;;;;100;;;;;;;;;;;;;;;;;;;;;;;;;;;;;;;;;;;;;;;;;;;;;;;;;;;;;;;;;;;;;;;;;;;;;;;;;
Filhote;Brachyplatystoma filamentosum;Cachoeira do macaco;between Santo Antonio and Jirau rapids;Low-water;June;2009;108;16000;1;;;;;;100;;;;;;;;;;;;;;;;;;;;;;;;;;;;;;;;;;;;;;;;;;;;;;;;;;;;;;;;;;;;;;;;;;;;;;;;;;;;;;;
Filhote;Brachyplatystoma filamentosum;Cachoeira do macaco;between Santo Antonio and Jirau rapids;Low-water;June;2009;113;18000;1;100;;;;;;;;;;;;;;;;;;;;;;;;;;;;;;;;;;;;;;;;;;;;;;;;;;;;;;;;;;;;;;;;;;;;;;;;;;;;;;;;;;;;
Dourada;Brachyplatystoma rousseauxii;Cachoeira do Macaco;between Santo Antonio and Jirau rapids;Low-water;June;2009;87;6000;3;;;;;;;;;;;;;;;;;;;;;;;;;;;;;;;;;;;;;;;;;;;;;;;;;;;100;;;;;;;;;;;;;;;;;;;;;;;;;;;;;;;;;;
Barbachata;Pinirampus pirinampu;Cachoeira do Teotônio;between Santo Antonio and Jirau rapids;Low-water;July;2009;41;1309;2;;;;;;;;;;;;;100;;;;;;;;;;;;;;;;;;;;;;;;;;;;;;;;;;;;;;;;;;;;;;;;;;;;;;;;;;;;;;;;;;;;;;;;
Dourada;Brachyplatystoma rousseauxii;Calama;downriver Santo Antonio rapid;Low-water;September;2009;83;9000;2;;;;;;;;;;;;;;;;;;;;;100;;;;;;;;;;;;;;;;;;;;;;;;;;;;;;;;;;;;;;;;;;;;;;;;;;;;;;;;;;;;;;;;
Dourada;Brachyplatystoma rousseauxii;Calama;downriver Santo Antonio rapid;Low-water;September;2009;78;6000;3;;;;;;;;;;;;;;;;;;;;;;;;;;;;;;;;;;;;;;;;;;;;;;30;;;;;;;;;;;;;;;;;;;;;;;;;;30;;;;;;40;;;;;;;
Caparari;Pseudoplatystoma tigrinum;São Carlos;downriver Santo Antonio rapid;Low-water;October;2009;88;8000;3;;;50;;;;;;;;;;;;;;;;;;;;;;;;;;;;;;;;;;;;50;;;;;;;;;;;;;;;;;;;;;;;;;;;;;;;;;;;;;;;;;;;;;;
Surubim;Pseudoplatystoma punctifer;Jaciparaná;between Santo Antonio and Jirau rapids;Low-water;August;2009;69;3500;3;;;;;;;;;;;;;;;;;;;;;;;;;;;;100;;;;;;;;;;;;;;;;;;;;;;;;;;;;;;;;;;;;;;;;;;;;;;;;;;;;;;;;;
Surubim;Pseudoplatystoma punctifer;Cachoeira do Teotônio;between Santo Antonio and Jirau rapids;Low-water;May;2009;71;4000;1;;;100;;;;;;;;;;;;;;;;;;;;;;;;;;;;;;;;;;;;;;;;;;;;;;;;;;;;;;;;;;;;;;;;;;;;;;;;;;;;;;;;;;
Barbachata;Pinirampus pirinampu;São Carlos;downriver Santo Antonio rapid;Low-water;October;2009;44;2000;3;;;100;;;;;;;;;;;;;;;;;;;;;;;;;;;;;;;;;;;;;;;;;;;;;;;;;;;;;;;;;;;;;;;;;;;;;;;;;;;;;;;;;;
Babão;Brachyplatystoma platynemum;Calama;downriver Santo Antonio rapid;High-water;November;2009;43;480;1;;;100;;;;;;;;;;;;;;;;;;;;;;;;;;;;;;;;;;;;;;;;;;;;;;;;;;;;;;;;;;;;;;;;;;;;;;;;;;;;;;;;;;
Surubim;Pseudoplatystoma punctifer;Jaciparaná;between Santo Antonio and Jirau rapids;Low-water;August;2009;69;5000;3;;;;;;;;;;;;;;100;;;;;;;;;;;;;;;;;;;;;;;;;;;;;;;;;;;;;;;;;;;;;;;;;;;;;;;;;;;;;;;;;;;;;;;
Surubim;Pseudoplatystoma punctifer;jaciparaná;between Santo Antonio and Jirau rapids;Low-water;September;2009;60;2500;2;;;;;;;;;;;;;;;;;;;;;;;;;;;;;;;;;;;;;;;;;;;;;;;;;;;;;100;;;;;;;;;;;;;;;;;;;;;;;;;;;;;;;;
Caparari;Pseudoplatystoma tigrinum;São Carlos;downriver Santo Antonio rapid;Low-water;August;2009;77;6000;2;;;30;;;;;;;;;;;;;;;;;;;;;;;;;;;;;;;;;;;70;;;;;;;;;;;;;;;;;;;;;;;;;;;;;;;;;;;;;;;;;;;;;;;
Caparari;Pseudoplatystoma tigrinum;São Carlos;downriver Santo Antonio rapid;Low-water;August;2009;70;4000;2;;;100;;;;;;;;;;;;;;;;;;;;;;;;;;;;;;;;;;;;;;;;;;;;;;;;;;;;;;;;;;;;;;;;;;;;;;;;;;;;;;;;;;
Surubim;Pseudoplatystoma punctifer;São Carlos;downriver Santo Antonio rapid;Low-water;August;2009;74;5000;3;;;40;;;;;;;;;;;;;;;;;;;;;;;;;;;;;;;;;;;;;;;;;;;;;;;;;;;;;;;;;;;;;;;60;;;;;;;;;;;;;;;;;;;
Surubim;Pseudoplatystoma punctifer;São Carlos;downriver Santo Antonio rapid;Low-water;August;2009;69;4000;2;;;;;;;;;100;;;;;;;;;;;;;;;;;;;;;;;;;;;;;;;;;;;;;;;;;;;;;;;;;;;;;;;;;;;;;;;;;;;;;;;;;;;;
Surubim;Pseudoplatystoma punctifer;São Carlos;downriver Santo Antonio rapid;Low-water;August;2009;;;2;;;100;;;;;;;;;;;;;;;;;;;;;;;;;;;;;;;;;;;;;;;;;;;;;;;;;;;;;;;;;;;;;;;;;;;;;;;;;;;;;;;;;;
Jau;Zungaro zungaro;Cachoeira do Teotônio;between Santo Antonio and Jirau rapids;Low-water;May;2009;137;;3;;;;;;;;;;;;;;;;;;;;;;100;;;;;;;;;;;;;;;;;;;;;;;;;;;;;;;;;;;;;;;;;;;;;;;;;;;;;;;;;;;;;;;
Surubim;Pseudoplatystoma punctifer;Cachoeira do Teotônio;between Santo Antonio and Jirau rapids;Low-water;May;2009;68;3500;2;;;;;;;;;;;;;;;;;;;;;;;;;;;;;;;;;;;;;;;;;;;;;;;;;;;;;;;;;;;;;;;;;;;;100;;;;;;;;;;;;;;;;;
Barbachata;Pinirampus pirinampu;Cachoeira do Teotônio;between Santo Antonio and Jirau rapids;Low-water;October;2009;442;1131.38;3;;;;;;;;;;;;;;;;;;;;;;;;;;;;;;;;;;50;;;;;50;;;;;;;;;;;;;;;;;;;;;;;;;;;;;;;;;;;;;;;;;;;;;;
Barbachata;Pinirampus pirinampu;Cachoeira do Teotônio;between Santo Antonio and Jirau rapids;Low-water;September;2009;44;1000;1;100;;;;;;;;;;;;;;;;;;;;;;;;;;;;;;;;;;;;;;;;;;;;;;;;;;;;;;;;;;;;;;;;;;;;;;;;;;;;;;;;;;;;
Barbachata;Pinirampus pirinampu;Cachoeira do Teotônio;between Santo Antonio and Jirau rapids;Low-water;September;2009;50;1000;2;;;;100;;;;;;;;;;;;;;;;;;;;;;;;;;;;;;;;;;;;;;;;;;;;;;;;;;;;;;;;;;;;;;;;;;;;;;;;;;;;;;;;;
Surubim;Pseudoplatystoma punctifer;Humaitá;downriver Santo Antonio rapid;Low-water;October;2009;44;1000;3;;;;;;;;;;;;;;;;;;;;;;;;;;;;;;;;;;;;;;;;;;;;;;;;;;;;;;;;50;;;;;;;;;;;;;;;;;;;;;;;;;;;;50;
Surubim;Pseudoplatystoma punctifer;São Carlos;downriver Santo Antonio rapid;Low-water;August;2009;;;1;100;;;;;;;;;;;;;;;;;;;;;;;;;;;;;;;;;;;;;;;;;;;;;;;;;;;;;;;;;;;;;;;;;;;;;;;;;;;;;;;;;;;;
Barbachata;Pinirampus pirinampu;Cachoeira do Teotônio;between Santo Antonio and Jirau rapids;Low-water;September;2009;50;2000;1;100;;;;;;;;;;;;;;;;;;;;;;;;;;;;;;;;;;;;;;;;;;;;;;;;;;;;;;;;;;;;;;;;;;;;;;;;;;;;;;;;;;;;
Piramutaba;Brachyplatystoma vaillantii;São Carlos;downriver Santo Antonio rapid;Low-water;August;2009;54;2000;3;;;;;;;;;;;;;;;;;;;;;;;;;;;;;;;;;;;;;;;;100;;;;;;;;;;;;;;;;;;;;;;;;;;;;;;;;;;;;;;;;;;;;;
Piramutaba;Brachyplatystoma vaillantii;São Carlos;downriver Santo Antonio rapid;Low-water;August;2009;49;1300;2;;;;;;;;;;;;;;;;;;;;;;;;;;;;;;;;;;;;;;;;100;;;;;;;;;;;;;;;;;;;;;;;;;;;;;;;;;;;;;;;;;;;;;
Piramutaba;Brachyplatystoma vaillantii;São Carlos;downriver Santo Antonio rapid;Low-water;August;2009;36;500;3;;;;;;;;;;;;;;;;;;;;;;;;;100;;;;;;;;;;;;;;;;;;;;;;;;;;;;;;;;;;;;;;;;;;;;;;;;;;;;;;;;;;;;
Piramutaba;Brachyplatystoma vaillantii;Cachoeira do Macaco;between Santo Antonio and Jirau rapids;Low-water;June;2009;50;2000;1;100;;;;;;;;;;;;;;;;;;;;;;;;;;;;;;;;;;;;;;;;;;;;;;;;;;;;;;;;;;;;;;;;;;;;;;;;;;;;;;;;;;;;
Piramutaba;Brachyplatystoma vaillantii;Cachoeira do Macaco;between Santo Antonio and Jirau rapids;Low-water;June;2009;50;2000;2;;;;;;;;;;;;;;;;;;;;;;100;;;;;;;;;;;;;;;;;;;;;;;;;;;;;;;;;;;;;;;;;;;;;;;;;;;;;;;;;;;;;;;
Piramutaba;Brachyplatystoma vaillantii;Cachoeira do Macaco;between Santo Antonio and Jirau rapids;Low-water;June;2009;64;5000;1;30;;;;;70;;;;;;;;;;;;;;;;;;;;;;;;;;;;;;;;;;;;;;;;;;;;;;;;;;;;;;;;;;;;;;;;;;;;;;;;;;;;;;;
Piramutaba;Brachyplatystoma vaillantii;São Carlos;downriver Santo Antonio rapid;Low-water;September;2009;50;2300;2;;;;;;;;;;;;;;;;;;;;;;;;;;;;;;;;;;;;;;;;;;;;;;;;;;;;;;;;;100;;;;;;;;;;;;;;;;;;;;;;;;;;;;
Piramutaba;Brachyplatystoma vaillantii;Cachoeira do Macaco;between Santo Antonio and Jirau rapids;Low-water;June;2009;62;4000;1;;;;;;;;;;;;;;;;;;;;;;;;;;;;;;;;;;;100;;;;;;;;;;;;;;;;;;;;;;;;;;;;;;;;;;;;;;;;;;;;;;;;;;
Piramutaba;Brachyplatystoma vaillantii;Cachoeira do Macaco;between Santo Antonio and Jirau rapids;Low-water;June;2009;31;1000;2;;;;;;65;;;;;;;;;;;;;;;;;;;;;;;;;;;;;;;;;;;;;;;;;;;;;;;;;;;;;;;;;;35;;;;;;;;;;;;;;;;;;;;;
Piramutaba;Brachyplatystoma vaillantii;Cachoeira do Macaco;between Santo Antonio and Jirau rapids;Low-water;June;2009;33;1500;1;100;;;;;;;;;;;;;;;;;;;;;;;;;;;;;;;;;;;;;;;;;;;;;;;;;;;;;;;;;;;;;;;;;;;;;;;;;;;;;;;;;;;;
Piramutaba;Brachyplatystoma vaillantii;Cachoeira do Macaco;between Santo Antonio and Jirau rapids;Low-water;June;2009;43;2000;3;;;;;;;;;;;;;;;;;;;;;;;;;;;;;;;;;;;;;;;95;;;;;;;;;;;;;;;;;;;;;;;;;;5;;;;;;;;;;;;;;;;;;;;
Piramutaba;Brachyplatystoma vaillantii;Cachoeira do Macaco;between Santo Antonio and Jirau rapids;Low-water;June;2009;37;3000;3;;;;;;;;;;;;;;;;;;;;;;;;;;;;;;;;;;;;;;;100;;;;;;;;;;;;;;;;;;;;;;;;;;;;;;;;;;;;;;;;;;;;;;
Piramutaba;Brachyplatystoma vaillantii;Cachoeira do Macaco;between Santo Antonio and Jirau rapids;Low-water;June;2009;39;2000;1;20;;;;;;;;;;;;;;;;;;;;;;;;;;;;;;;;;;80;;;;;;;;;;;;;;;;;;;;;;;;;;;;;;;;;;;;;;;;;;;;;;;;;;
Piramutaba;Brachyplatystoma vaillantii;Cachoeira do Macaco;between Santo Antonio and Jirau rapids;Low-water;June;2009;40;1500;1;;;;;;;;;;;;;;;;;;;;;;;;;;;;;;;;;;;;;;;;;;;;;;;;;;;;;;100;;;;;;;;;;;;;;;;;;;;;;;;;;;;;;;
Piramutaba;Brachyplatystoma vaillantii;Cachoeira do Macaco;between Santo Antonio and Jirau rapids;Low-water;June;2009;56;2000;2;;;;;;;;;;;;;;;;;;;;;;100;;;;;;;;;;;;;;;;;;;;;;;;;;;;;;;;;;;;;;;;;;;;;;;;;;;;;;;;;;;;;;;
Piramutaba;Brachyplatystoma vaillantii;Cachoeira do Macaco;between Santo Antonio and Jirau rapids;Low-water;June;2009;36;1500;2;;;;;;;;;100;;;;;;;;;;;;;;;;;;;;;;;;;;;;;;;;;;;;;;;;;;;;;;;;;;;;;;;;;;;;;;;;;;;;;;;;;;;;
Piramutaba;Brachyplatystoma vaillantii;Cachoeira do Macaco;between Santo Antonio and Jirau rapids;Low-water;June;2009;51;3000;3;60;;;;;;;;;;;40;;;;;;;;;;;;;;;;;;;;;;;;;;;;;;;;;;;;;;;;;;;;;;;;;;;;;;;;;;;;;;;;;;;;;;;;;
Piramutaba;Brachyplatystoma vaillantii;Cachoeira do Macaco;between Santo Antonio and Jirau rapids;Low-water;June;2009;43;5000;1;100;;;;;;;;;;;;;;;;;;;;;;;;;;;;;;;;;;;;;;;;;;;;;;;;;;;;;;;;;;;;;;;;;;;;;;;;;;;;;;;;;;;;
Piramutaba;Brachyplatystoma vaillantii;Cachoeira do Macaco;between Santo Antonio and Jirau rapids;Low-water;June;2009;;;1;;;;;;;;;;;;100;;;;;;;;;;;;;;;;;;;;;;;;;;;;;;;;;;;;;;;;;;;;;;;;;;;;;;;;;;;;;;;;;;;;;;;;;
Piramutaba;Brachyplatystoma vaillantii;Cachoeira do Macaco;between Santo Antonio and Jirau rapids;Low-water;June;2009;48;2000;3;;;;;;40;;;;20;;40;;;;;;;;;;;;;;;;;;;;;;;;;;;;;;;;;;;;;;;;;;;;;;;;;;;;;;;;;;;;;;;;;;;;;;;;;
Piramutaba;Brachyplatystoma vaillantii;Cachoeira do Macaco;between Santo Antonio and Jirau rapids;Low-water;June;2009;52;2000;2;45;;;;;55;;;;;;;;;;;;;;;;;;;;;;;;;;;;;;;;;;;;;;;;;;;;;;;;;;;;;;;;;;;;;;;;;;;;;;;;;;;;;;;
Piramutaba;Brachyplatystoma vaillantii;Cachoeira do Macaco;between Santo Antonio and Jirau rapids;Low-water;June;2009;27;2000;3;;;;;;10;;;;;;;;;;;;;;;;;;;;;;;;;;;;;;;;;90;;;;;;;;;;;;;;;;;;;;;;;;;;;;;;;;;;;;;;;;;;;;;;
Piramutaba;Brachyplatystoma vaillantii;Cachoeira do Macaco;between Santo Antonio and Jirau rapids;Low-water;June;2009;55;3000;2;80;;;;;;;;;;;;;;;;;;;;;;;;;;;;;;;;;;;;;;;;;;;;;;;;;;;;;;;;;;;;;;;;;;;;;;;;;;;;;;;18;;2;;;
Piramutaba;Brachyplatystoma vaillantii;Cachoeira do Macaco;between Santo Antonio and Jirau rapids;Low-water;June;2009;;;1;;;7;;;;;;;;;;;;;;;;;;;;;;;;;;;;;;;;;;;;;;;;;;;;;;;;90;;;;;;;;;;;;;;;;;;;;;;;;;;;;;;;;3;;
Piramutaba;Brachyplatystoma vaillantii;Cachoeira do Macaco;between Santo Antonio and Jirau rapids;Low-water;June;2009;36;2000;3;50;;;;;;;;50;;;;;;;;;;;;;;;;;;;;;;;;;;;;;;;;;;;;;;;;;;;;;;;;;;;;;;;;;;;;;;;;;;;;;;;;;;;;
Piramutaba;Brachyplatystoma vaillantii;Cachoeira do Macaco;between Santo Antonio and Jirau rapids;Low-water;June;2009;25;1000;2;;;;;;;;;;;;;;;;;;;;;;;;;;;;;;;;;;;;;;;;;;;;;;;;;;;;;;;;;;;;;;;;100;;;;;;;;;;;;;;;;;;;;;
Piramutaba;Brachyplatystoma vaillantii;Cachoeira do Macaco;between Santo Antonio and Jirau rapids;Low-water;June;2009;64;4000;1;100;;;;;;;;;;;;;;;;;;;;;;;;;;;;;;;;;;;;;;;;;;;;;;;;;;;;;;;;;;;;;;;;;;;;;;;;;;;;;;;;;;;;
Caparari;Pseudoplatystoma tigrinum;Guajará Mirim;upriver Jirau rapid;Low-water;October;2009;;;1;;;;;;;;;;;;;;;;;;;;;;;;;;;;;;;;;;;;;;;;;;;;;;;;;;;;;;;;;;;;;;;;;;;;;;;;;;;;;;100;;;;;;;
Caparari;Pseudoplatystoma tigrinum;Guajará Mirim;upriver Jirau rapid;Low-water;October;2009;;;3;20;;;;;;;;;;;;;;;;;;;;;;;;;;;;;;;;;;;;;;80;;;;;;;;;;;;;;;;;;;;;;;;;;;;;;;;;;;;;;;;;;;;;;
Babão;Brachyplatystoma platynemum;Arara;upriver Jirau rapid;Low-water;August;2009;;;3;;;;;;100;;;;;;;;;;;;;;;;;;;;;;;;;;;;;;;;;;;;;;;;;;;;;;;;;;;;;;;;;;;;;;;;;;;;;;;;;;;;;;;
Caparari;Pseudoplatystoma tigrinum;Humaitá;downriver Santo Antonio rapid;Low-water;October;2009;36;510;1;;;;;;;;;;;;;;;;;;;;;;;;;;;;;;;;;;;;;;;;;;;;;;;;;;;;;;;;;;;;;;;;;;;;;;;;;;;;;;;;;;;;;100
Barbachata;Pinirampus pirinampu;Cachoeira do Teotônio;between Santo Antonio and Jirau rapids;Low-water;September;2009;;;3;100;;;;;;;;;;;;;;;;;;;;;;;;;;;;;;;;;;;;;;;;;;;;;;;;;;;;;;;;;;;;;;;;;;;;;;;;;;;;;;;;;;;;
Surubim;Pseudoplatystoma punctifer;São Carlos;downriver Santo Antonio rapid;Low-water;December;2009;33;380;1;;100;;378;;;;;;;;;;;;;;;;;;;;;;;;;;;;;;;;;;;;;;;;;;;;;;;;;;;;;;;;;;;;;;;;;;;;;;;;;;;;;;;;;
Filhote;Brachyplatystoma filamentosum;São Carlos;downriver Santo Antonio rapid;High-water;March;2010;102;16000;2;;;;;;;;;;;;;;;;;;;;;;;;;;;;;;100;;;;;;;;;;;;;;;;;;;;;;;;;;;;;;;;;;;;;;;;;;;;;;;;;;;;;;;
Filhote;Brachyplatystoma filamentosum;São Sebastião;downriver Santo Antonio rapid;High-water;April;2010;;;2;;;;;;;;;;;;;;;;;;;;;;;;100;;;;;;;;;;;;;;;;;;;;;;;;;;;;;;;;;;;;;;;;;;;;;;;;;;;;;;;;;;;;;
Filhote;Brachyplatystoma filamentosum;São Sebastião;downriver Santo Antonio rapid;High-water;April;2010;128;23000;3;;;;;;100;;;;;;;;;;;;;;;;;;;;;;;;;;;;;;;;;;;;;;;;;;;;;;;;;;;;;;;;;;;;;;;;;;;;;;;;;;;;;;;
Filhote;Brachyplatystoma filamentosum;São Carlos;downriver Santo Antonio rapid;High-water;january;2010;119;27000;1;;;;;;;;;;;;;100;;;;;;;;;;;;;;;;;;;;;;;;;;;;;;;;;;;;;;;;;;;;;;;;;;;;;;;;;;;;;;;;;;;;;;;;
Filhote;Brachyplatystoma filamentosum;Cachoeira do macaco;between Santo Antonio and Jirau rapids;Low-water;June;2010;114;15000;2;;;;;;;;;;100;;;;;;;;;;;;;;;;;;;;;;;;;;;;;;;;;;;;;;;;;;;;;;;;;;;;;;;;;;;;;;;;;;;;;;;;;;;
Filhote;Brachyplatystoma filamentosum;Cachoeira do macaco;between Santo Antonio and Jirau rapids;Low-water;June;2010;129;36000;1;;;;;;100;;;;;;;;;;;;;;;;;;;;;;;;;;;;;;;;;;;;;;;;;;;;;;;;;;;;;;;;;;;;;;;;;;;;;;;;;;;;;;;
Filhote;Brachyplatystoma filamentosum;São Carlos;downriver Santo Antonio rapid;Low-water;June;2010;77;8500;3;;;;;;;;;;;;;;;;;;;;;;;;;;;;;;;;;;;100;;;;;;;;;;;;;;;;;;;;;;;;;;;;;;;;;;;;;;;;;;;;;;;;;;
Dourada;Brachyplatystoma rousseauxii;São Carlos;downriver Santo Antonio rapid;Low-water;June;2010;;13000;2;;;;;;;;;;;;;;;;;;;;;;100;;;;;;;;;;;;;;;;;;;;;;;;;;;;;;;;;;;;;;;;;;;;;;;;;;;;;;;;;;;;;;;
Filhote;Brachyplatystoma filamentosum;São Carlos;downriver Santo Antonio rapid;Low-water;June;2010;93;13000;3;;;;;;;;;;;;;;;;;;;;;;;;;;;;;;100;;;;;;;;;;;;;;;;;;;;;;;;;;;;;;;;;;;;;;;;;;;;;;;;;;;;;;;
Dourada;Brachyplatystoma rousseauxii;São Carlos;downriver Santo Antonio rapid;Low-water;July;2010;65;5000;1;20;;;;;;;;;;;;;;;;;;;;;;;;;;;;;;;;;;;;;;;;;;;;;;;;;;;;;;;;;;;;;;;;;;;;;;;;;;;;80;;;;;;;;
Barbachata;Pinirampus pirinampu;São Carlos;downriver Santo Antonio rapid;Low-water;September;2010;39;630;1;;;;;;;;;;;;;;;;;;;;;;;;;;;;;;;;;;;;;;;;;;;;;;;;;;;;;;;;;;;;;;;;;;;;;;;;;;;;;;100;;;;;;;
Dourada;Brachyplatystoma rousseauxii;São Carlos;downriver Santo Antonio rapid;Low-water;August;2010;95;13200;2;;;;;;;;;;;;;;;;;;;;;;;;;;;;;;;;;;;;;;;;;;;;;;;;;;;;;;;;;;;;;;100;;;;;;;;;;;;;;;;;;;;;;;
Filhote;Brachyplatystoma filamentosum;São Carlos;downriver Santo Antonio rapid;Low-water;September;2010;66;3220;2;40;;;;;;;;;;;;;;;;;;;;;;;;;;;;;;;;;;;;;;;;;;;;;;;;;;;;;;;;;;;;;;;;;;;;;;;;;;;;60;;;;;;;;
Babão;Brachyplatystoma platynemum;São Carlos;downriver Santo Antonio rapid;Low-water;September;2010;64;3000;2;;;;;;;;;;;;;;;;;;;;;;;;;;;;;;;;;;;;;;;;;;;;;;;;;;;;;;;;;;;;;;;;;;;;;;;;;;;;;;100;;;;;;;
Dourada;Brachyplatystoma rousseauxii;São Carlos;downriver Santo Antonio rapid;Low-water;September;2010;83;8570;3;;;;;;;;;;;;;;;;;;;;;;;;;;;;;;;;;;;;;;;;;;100;;;;;;;;;;;;;;;;;;;;;;;;;;;;;;;;;;;;;;;;;;;
Dourada;Brachyplatystoma rousseauxii;São Carlos;downriver Santo Antonio rapid;Low-water;October;2010;76;10900;3;;;;;;;;;;;;;;;;;;;;;;;;;;;;;;;;;;;;;;;;;;100;;;;;;;;;;;;;;;;;;;;;;;;;;;;;;;;;;;;;;;;;;;
Dourada;Brachyplatystoma rousseauxii;São Carlos;downriver Santo Antonio rapid;Low-water;September;2010;96;13000;3;;;;;;100;;;;;;;;;;;;;;;;;;;;;;;;;;;;;;;;;;;;;;;;;;;;;;;;;;;;;;;;;;;;;;;;;;;;;;;;;;;;;;;
Dourada;Brachyplatystoma rousseauxii;São Carlos;downriver Santo Antonio rapid;Low-water;October;2010;67;4000;3;;;;;;;;;;;;;;;;;;;;;;;;;;;;;;;;;;;;;;;;;;;;;;;;;;;100;;;;;;;;;;;;;;;;;;;;;;;;;;;;;;;;;;
Dourada;Brachyplatystoma rousseauxii;São Carlos;downriver Santo Antonio rapid;Low-water;October;2010;74;6100;3;;;;;;;;;;;;;;;;;;;;;;;;;;;;;;;;;;;;;;;;100;;;;;;;;;;;;;;;;;;;;;;;;;;;;;;;;;;;;;;;;;;;;;
Dourada;Brachyplatystoma rousseauxii;São Carlos;downriver Santo Antonio rapid;Low-water;September;2010;92;12000;3;;;;;;;;;;;;;;;;;;;;;;;;;;;;;;;;;;;;;;;;;;100;;;;;;;;;;;;;;;;;;;;;;;;;;;;;;;;;;;;;;;;;;;
Babão;Brachyplatystoma platynemum;São Carlos;downriver Santo Antonio rapid;Low-water;August;2010;51;1000;1;;;;;;;;;;100;;;;;;;;;;;;;;;;;;;;;;;;;;;;;;;;;;;;;;;;;;;;;;;;;;;;;;;;;;;;;;;;;;;;;;;;;;;
Dourada;Brachyplatystoma rousseauxii;São Carlos;downriver Santo Antonio rapid;Low-water;August;2010;77;5000;3;;;;;;;;;;;;;;;;;;;;;;;;;;;;;;;;;;;;;;;;;;;;;;;;;;;;;;;;;;;;;;100;;;;;;;;;;;;;;;;;;;;;;;
Caparari;Pseudoplatystoma tigrinum;São Carlos;downriver Santo Antonio rapid;Low-water;July;2010;84;6500;3;;;;;;;;;;;;;;;;;;;;;;;;;;;;;;;;;;;;;;;100;;;;;;;;;;;;;;;;;;;;;;;;;;;;;;;;;;;;;;;;;;;;;;
Dourada;Brachyplatystoma rousseauxii;Cachoeira do Teotônio;between Santo Antonio and Jirau rapids;Low-water;October;2010;98;28000;2;;;;;;;;;;;;;;;;;;;;;;;;;;;;;;;;;;;;;;;;;;;;;;;;;;;;;;;;;;;;;;100;;;;;;;;;;;;;;;;;;;;;;;
Barbachata;Pinirampus pirinampu;São Carlos;downriver Santo Antonio rapid;Low-water;June;2010;;1000;2;;;;;;;;;40;;;;;;;;;;;;;;;;;;;;;;;;;;;;;;60;;;;;;;;;;;;;;;;;;;;;;;;;;;;;;;;;;;;;;;;;;;;;;
Babão;Brachyplatystoma platynemum;São Carlos;downriver Santo Antonio rapid;Low-water;October;2010;56;1710;1;;;;;;;;;;;;;;;;;;;;;;;;;;;;;;;;;;;;;;;;;;100;;;;;;;;;;;;;;;;;;;;;;;;;;;;;;;;;;;;;;;;;;;
Dourada;Brachyplatystoma rousseauxii;Calama;downriver Santo Antonio rapid;Low-water;September;2010;75;6000;2;;;;;;;;;;;;;;;;;;;;;;;;;;;;;;;;;;;;;;;;;;;;;;;;;;;;;;;;;;;;;;;;;;;;;;;;;;;;;;100;;;;;;;
Babão;Brachyplatystoma platynemum;São Carlos;downriver Santo Antonio rapid;Low-water;October;2010;58;1820;1;;;;;;;;;;;;;;;;;;;;;;;;;;;;;;;;;;;100;;;;;;;;;;;;;;;;;;;;;;;;;;;;;;;;;;;;;;;;;;;;;;;;;;
Surubim;Pseudoplatystoma punctifer;São Carlos;downriver Santo Antonio rapid;Low-water;July;2010;52;1100;1;;;100;;;;;;;;;;;;;;;;;;;;;;;;;;;;;;;;;;;;;;;;;;;;;;;;;;;;;;;;;;;;;;;;;;;;;;;;;;;;;;;;;;
Surubim;Pseudoplatystoma punctifer;São Carlos;downriver Santo Antonio rapid;Low-water;July;2010;71;3900;1;;;;;;100;;;;;;;;;;;;;;;;;;;;;;;;;;;;;;;;;;;;;;;;;;;;;;;;;;;;;;;;;;;;;;;;;;;;;;;;;;;;;;;
Surubim;Pseudoplatystoma punctifer;Jaciparaná;between Santo Antonio and Jirau rapids;Low-water;May;2010;85;5000;3;;;;;;;;;;;;;;;;;;;;;;;;;;;;;;;;;;;;;;;;;;;;;;;;;;;;;;;;;;;;;;;;;;;;;;;;;;;100;;;;;;;;;;
Surubim;Pseudoplatystoma punctifer;Jaciparaná;between Santo Antonio and Jirau rapids;High-water;February;2010;;;2;;;;;;;;;;;;;;;;;;;;;;;;;;;;;;;;;;;;;;;;;;;;;;;;;;;;;;;;;;;;100;;;;;;;;;;;;;;;;;;;;;;;;;
Surubim;Pseudoplatystoma punctifer;Jaciparaná;between Santo Antonio and Jirau rapids;Low-water;May;2010;51;2000;1;;;;;;;;;;;;;;;;;;;;;;;;;;;;;;;;;;;;;;;;;;;100;;;;;;;;;;;;;;;;;;;;;;;;;;;;;;;;;;;;;;;;;;
Surubim;Pseudoplatystoma punctifer;Jaciparaná;between Santo Antonio and Jirau rapids;High-water;April;2010;;;3;;;;;;;;;;;;;;;;;;;;;;;;;;;;;;;;;;;;;;;;;;;;;;;;;;;;;;;;;;;;;;;;;;;;;100;;;;;;;;;;;;;;;;
Surubim;Pseudoplatystoma punctifer;Jaciparaná;between Santo Antonio and Jirau rapids;High-water;April;2010;;;3;;;;;;;;;;;;;;;;;;;;;;;;;;;;;;;;;;;;;;;;;;;;;;;;;;;;;;;;;;;;;;;;;;;;;100;;;;;;;;;;;;;;;;
Dourada;Brachyplatystoma rousseauxii;São Carlos;downriver Santo Antonio rapid;High-water;November;2010;79;12000;3;;;;;;;;;;;;;;;;;;;;;;;;;;;;;;;;;;;;;;;;;;;;;;;;;;;;;;;;;;;;;;100;;;;;;;;;;;;;;;;;;;;;;;
Babão;Brachyplatystoma platynemum;São Carlos;downriver Santo Antonio rapid;High-water;November;2010;54;1500;3;;;;;;;;;;;;;;;;;;;;;;;;;;;;;;;;;;;;;;;;;;;;;;;;;;;;;;;;;;;;;;;;;;;;;;;;100;;;;;;;;;;;;;
Dourada;Brachyplatystoma rousseauxii;São Carlos;downriver Santo Antonio rapid;High-water;November;2010;81;8000;3;10;;;;;;;;;;;;;;;;;;;;;;;;;;;;;;;;;;;;;;;;;;;;;;;;;;60;;;;30;;;;;;;;;;;;;;;;;;;;;;;;;;;;;;
Dourada;Brachyplatystoma rousseauxii;São Carlos;downriver Santo Antonio rapid;High-water;November;2010;67,5;4000;3;;;;;;;;;;;;;;;;;;;;;;;;;;;;;;;;;;;;;;;;;;;;;;;;;;;100;;;;;;;;;;;;;;;;;;;;;;;;;;;;;;;;;;
Dourada;Brachyplatystoma rousseauxii;São Carlos;downriver Santo Antonio rapid;High-water;November;2010;95;15000;3;100;;;;;;;;;;;;;;;;;;;;;;;;;;;;;;;;;;;;;;;;;;;;;;;;;;;;;;;;;;;;;;;;;;;;;;;;;;;;;;;;;;;;
Dourada;Brachyplatystoma rousseauxii;São Carlos;downriver Santo Antonio rapid;High-water;December;2010;83;880;3;10;;;;;;;;90;;;;;;;;;;;;;;;;;;;;;;;;;;;;;;;;;;;;;;;;;;;;;;;;;;;;;;;;;;;;;;;;;;;;;;;;;;;;
Dourada;Brachyplatystoma rousseauxii;São Carlos;downriver Santo Antonio rapid;High-water;December;2010;93;14000;3;20;;;;;;;;;;;;;;;;;;;;;;;;;;;;;;;;80;;;;;;;;;;;;;;;;;;;;;;;;;;;;;;;;;;;;;;;;;;;;;;;;;;;;
Dourada;Brachyplatystoma rousseauxii;São Carlos;downriver Santo Antonio rapid;High-water;December;2010;74;8000;3;;;;;;;;;;;;;;;;;;;;;;;;;;;;;;;;;;;;;;;;;;;;;100;;;;;;;;;;;;;;;;;;;;;;;;;;;;;;;;;;;;;;;;
Barbachata;Pinirampus pirinampu;São Carlos;downriver Santo Antonio rapid;Low-water;September;2010;39;760;3;;;;;;;;;;;;;;;;;;;;;;;;;;;;;;;;;;;;;;;;;;;;;;;;;;;100;;;;;;;;;;;;;;;;;;;;;;;;;;;;;;;;;;
Barbachata;Pinirampus pirinampu;São Carlos;downriver Santo Antonio rapid;Low-water;September;2010;42;950;3;;;;;;;;;;;;;;;;;;;;;;;;;;;;;;;;;;;;;;;;;;;;;;;;;;;100;;;;;;;;;;;;;;;;;;;;;;;;;;;;;;;;;;
Piramutaba;Brachyplatystoma vaillantii;São Carlos;downriver Santo Antonio rapid;High-water;December;2010;39;600;2;;30;;;;70;;;;;;;;;;;;;;;;;;;;;;;;;;;;;;;;;;;;;;;;;;;;;;;;;;;;;;;;;;;;;;;;;;;;;;;;;;;;;;;
Surubim;Pseudoplatystoma punctifer;São Carlos;downriver Santo Antonio rapid;Low-water;June;2010;62;4000;2;100;;;;;;;;;;;;;;;;;;;;;;;;;;;;;;;;;;;;;;;;;;;;;;;;;;;;;;;;;;;;;;;;;;;;;;;;;;;;;;;;;;;;
Dourada;Brachyplatystoma rousseauxii;São Carlos;downriver Santo Antonio rapid;High-water;December;2010;70;5200;2;;;;;;;;;;;;;;;;;;;;;;;;;;;;;;;;;;;;;;;;;;;;;;;;;;;100;;;;;;;;;;;;;;;;;;;;;;;;;;;;;;;;;;
Dourada;Brachyplatystoma rousseauxii;São Carlos;downriver Santo Antonio rapid;High-water;December;2010;81;8100;2;100;;;;;;;;;;;;;;;;;;;;;;;;;;;;;;;;;;;;;;;;;;;;;;;;;;;;;;;;;;;;;;;;;;;;;;;;;;;;;;;;;;;;
Dourada;Brachyplatystoma rousseauxii;São Carlos;downriver Santo Antonio rapid;High-water;December;2010;85;9200;3;;;;;;;;;;;;;;;;;;;;;;;;;;;;;;;;;;;;;;100;;;;;;;;;;;;;;;;;;;;;;;;;;;;;;;;;;;;;;;;;;;;;;;
Surubim;Pseudoplatystoma punctifer;Jaciparaná;between Santo Antonio and Jirau rapids;High-water;April;2010;59;2100;2;100;;;;;;;;;;;;;;;;;;;;;;;;;;;;;;;;;;;;;;;;;;;;;;;;;;;;;;;;;;;;;;;;;;;;;;;;;;;;;;;;;;;;
Piramutaba;Brachyplatystoma vaillantii;São Carlos;downriver Santo Antonio rapid;Low-water;July;2010;39;700;1;100;;;;;;;;;;;;;;;;;;;;;;;;;;;;;;;;;;;;;;;;;;;;;;;;;;;;;;;;;;;;;;;;;;;;;;;;;;;;;;;;;;;;
Piramutaba;Brachyplatystoma vaillantii;São Carlos;downriver Santo Antonio rapid;Low-water;June;2010;32;400;1;;;;;;100;;;;;;;;;;;;;;;;;;;;;;;;;;;;;;;;;;;;;;;;;;;;;;;;;;;;;;;;;;;;;;;;;;;;;;;;;;;;;;;
Piramutaba;Brachyplatystoma vaillantii;São Carlos;downriver Santo Antonio rapid;Low-water;June;2010;;1000;1;;;;;;100;;;;;;;;;;;;;;;;;;;;;;;;;;;;;;;;;;;;;;;;;;;;;;;;;;;;;;;;;;;;;;;;;;;;;;;;;;;;;;;
Piramutaba;Brachyplatystoma vaillantii;São Carlos;downriver Santo Antonio rapid;Low-water;July;2010;45;1500;1;;;;;;;;;;;;;;;;;;;;;;;;;;;;;;;;;;;;;;;;;;;;;;;;;;;;;;;;;;;;;;;;;;;;;;;;;;;;100;;;;;;;;;
Piramutaba;Brachyplatystoma vaillantii;São Carlos;downriver Santo Antonio rapid;Low-water;July;2010;41;1000;1;100;;;;;;;;;;;;;;;;;;;;;;;;;;;;;;;;;;;;;;;;;;;;;;;;;;;;;;;;;;;;;;;;;;;;;;;;;;;;;;;;;;;;
Piramutaba;Brachyplatystoma vaillantii;São Carlos;downriver Santo Antonio rapid;Low-water;June;2010;;1000;2;;;100;;;;;;;;;;;;;;;;;;;;;;;;;;;;;;;;;;;;;;;;;;;;;;;;;;;;;;;;;;;;;;;;;;;;;;;;;;;;;;;;;;
Piramutaba;Brachyplatystoma vaillantii;São Carlos;downriver Santo Antonio rapid;Low-water;July;2010;45;1100;1;;;100;;;;;;;;;;;;;;;;;;;;;;;;;;;;;;;;;;;;;;;;;;;;;;;;;;;;;;;;;;;;;;;;;;;;;;;;;;;;;;;;;;
Piramutaba;Brachyplatystoma vaillantii;São Carlos;downriver Santo Antonio rapid;Low-water;July;2010;38;800;1;;;;;;;;;;;;;;;;;;;;;;;;;;;;;;;;;;;;;;;;;;;;;;;;;;;;;;;;;;;;;;;;;;;;;;;;;;;;100;;;;;;;;;
Piramutaba;Brachyplatystoma vaillantii;São Carlos;downriver Santo Antonio rapid;Low-water;July;2010;51;2000;3;;;;;;;;;;;;;;;;;;;;;;;;;;;;;;;;;;;;;;;;;;;;;;;;;;;100;;;;;;;;;;;;;;;;;;;;;;;;;;;;;;;;;;
Piramutaba;Brachyplatystoma vaillantii;São Carlos;downriver Santo Antonio rapid;Low-water;July;2010;41;1000;1;;;;;;;;;;;;;;;;;;;;;;;;;;;;;;;;;;;;;;;;;;;;;;;;;;;;;;;;;;;;;;;;;;;;;;;;;;;;;;;;;100;;;;
Piramutaba;Brachyplatystoma vaillantii;São Carlos;downriver Santo Antonio rapid;Low-water;June;2010;;3000;3;;;;;;;;;;;;;;;;;;;;;;;;;;;;;;;;;;;;;;;100;;;;;;;;;;;;;;;;;;;;;;;;;;;;;;;;;;;;;;;;;;;;;;
Piramutaba;Brachyplatystoma vaillantii;São Carlos;downriver Santo Antonio rapid;Low-water;June;2010;44;1200;1;;;;;;;;;;;;;;100;;;;;;;;;;;;;;;;;;;;;;;;;;;;;;;;;;;;;;;;;;;;;;;;;;;;;;;;;;;;;;;;;;;;;;;
Piramutaba;Brachyplatystoma vaillantii;São Carlos;downriver Santo Antonio rapid;Low-water;July;2010;44;1100;1;;;;;100;;;;;;;;;;;;;;;;;;;;;;;;;;;;;;;;;;;;;;;;;;;;;;;;;;;;;;;;;;;;;;;;;;;;;;;;;;;;;;;;
Piramutaba;Brachyplatystoma vaillantii;São Carlos;downriver Santo Antonio rapid;Low-water;June;2010;37;800;1;;;;;;;;;;;;100;;;;;;;;;;;;;;;;;;;;;;;;;;;;;;;;;;;;;;;;;;;;;;;;;;;;;;;;;;;;;;;;;;;;;;;;;
Piramutaba;Brachyplatystoma vaillantii;São Carlos;downriver Santo Antonio rapid;Low-water;June;2010;;1000;1;;;;;;;;;;;;;;;;;;;;;;;;;;;;;;;;;;;100;;;;;;;;;;;;;;;;;;;;;;;;;;;;;;;;;;;;;;;;;;;;;;;;;;
Piramutaba;Brachyplatystoma vaillantii;São Carlos;downriver Santo Antonio rapid;Low-water;June;2010;;2000;1;;;;;;;;;;;;;;;;;;;;;;;;;;;;;;;;;;;;;;;100;;;;;;;;;;;;;;;;;;;;;;;;;;;;;;;;;;;;;;;;;;;;;;
Piramutaba;Brachyplatystoma vaillantii;São Carlos;downriver Santo Antonio rapid;Low-water;July;2010;37;700;2;;;;;;;;;;;;;;;;;;;;;;;;;;;;;;;;;;;;;;;;;;;;;;;;;;;;;;;;;;;;;;;;;;;;;;;;100;;;;;;;;;;;;;
Piramutaba;Brachyplatystoma vaillantii;São Carlos;downriver Santo Antonio rapid;Low-water;June;2010;45;1200;1;;;;;;;;;;;;;;;;;;;;;;;;;;;;;;;;;;;;;;;;;;;;;;;;;;;;;;;;;;;;;;;;;;;;;;;;;;;;;;100;;;;;;;
Piramutaba;Brachyplatystoma vaillantii;São Carlos;downriver Santo Antonio rapid;Low-water;September;2010;51;2500;3;;;;;;;;;;;;;;;;;;;;;;;;;;;;;;;;;;;100;;;;;;;;;;;;;;;;;;;;;;;;;;;;;;;;;;;;;;;;;;;;;;;;;;
Piramutaba;Brachyplatystoma vaillantii;São Carlos;downriver Santo Antonio rapid;Low-water;September;2010;50;2100;3;;;;;;;;;;;;;;;;;;;;;;;;;;;;;;;;;;;100;;;;;;;;;;;;;;;;;;;;;;;;;;;;;;;;;;;;;;;;;;;;;;;;;;
Piramutaba;Brachyplatystoma vaillantii;São Carlos;downriver Santo Antonio rapid;Low-water;September;2010;41;800;3;;;;;;;;;;;;;;;;;;;;;;;;;;;;;;;;;;;100;;;;;;;;;;;;;;;;;;;;;;;;;;;;;;;;;;;;;;;;;;;;;;;;;;
Piramutaba;Brachyplatystoma vaillantii;São Carlos;downriver Santo Antonio rapid;Low-water;September;2010;39;900;3;;;;;;;;;;;;;;;;;;;;;;;;;;;;;;;;;;;;;;;;;;;;;;;;;;;;;;;;;;;;;;;;;;;;;;;;;;;;;100;;;;;;;;
Piramutaba;Brachyplatystoma vaillantii;São Carlos;downriver Santo Antonio rapid;Low-water;October;2010;52;1500;3;;;;;;;;;;;;;;;;;;;;;;;;;;;;;;;;;;;100;;;;;;;;;;;;;;;;;;;;;;;;;;;;;;;;;;;;;;;;;;;;;;;;;;
Piramutaba;Brachyplatystoma vaillantii;São Carlos;downriver Santo Antonio rapid;Low-water;September;2010;50;2000;3;;;;;;;;;;;;;;;;;;;;;;;;;;;;;;;;;;;100;;;;;;;;;;;;;;;;;;;;;;;;;;;;;;;;;;;;;;;;;;;;;;;;;;
Piramutaba;Brachyplatystoma vaillantii;São Carlos;downriver Santo Antonio rapid;Low-water;September;2010;370;800;1;;;;;;100;;;;;;;;;;;;;;;;;;;;;;;;;;;;;;;;;;;;;;;;;;;;;;;;;;;;;;;;;;;;;;;;;;;;;;;;;;;;;;;
Piramutaba;Brachyplatystoma vaillantii;São Carlos;downriver Santo Antonio rapid;Low-water;September;2010;470;2000;3;;;;;;;;;;;;;;;;;;;;;;;;;;;;;;;;;;;;;70;;;;;30;;;;;;;;;;;;;;;;;;;;;;;;;;;;;;;;;;;;;;;;;;;
Piramutaba;Brachyplatystoma vaillantii;São Carlos;downriver Santo Antonio rapid;Low-water;October;2010;415;960;2;;;;;;;;;;;;;;;;;;;;;;;;;;;;;;;;;;;;;;;;;;100;;;;;;;;;;;;;;;;;;;;;;;;;;;;;;;;;;;;;;;;;;;
Piramutaba;Brachyplatystoma vaillantii;São Carlos;downriver Santo Antonio rapid;Low-water;October;2010;49;1810;3;;;;;;;;;;;;;;;;;;;;;;;;;;;;;;;;;;;;;;;;;;100;;;;;;;;;;;;;;;;;;;;;;;;;;;;;;;;;;;;;;;;;;;
Piramutaba;Brachyplatystoma vaillantii;São Carlos;downriver Santo Antonio rapid;Low-water;October;2010;41;980;1;100;;;;;;;;;;;;;;;;;;;;;;;;;;;;;;;;;;;;;;;;;;;;;;;;;;;;;;;;;;;;;;;;;;;;;;;;;;;;;;;;;;;;
Piramutaba;Brachyplatystoma vaillantii;Cachoeira do Teotônio;between Santo Antonio and Jirau rapids;Low-water;October;2010;;;3;;;;;;;;;;;;;;;;;;;;;;;;;;;;;;;;;;;;;;;;;;;;;;;;;;;;;;;;;;;;;;;;;;;;;;;;100;;;;;;;;;;;;;
Piramutaba;Brachyplatystoma vaillantii;São Carlos;downriver Santo Antonio rapid;Low-water;October;2010;41;1010;1;;;;;;;;;;;;100;;;;;;;;;;;;;;;;;;;;;;;;;;;;;;;;;;;;;;;;;;;;;;;;;;;;;;;;;;;;;;;;;;;;;;;;;
Piramutaba;Brachyplatystoma vaillantii;São Carlos;downriver Santo Antonio rapid;Low-water;October;2010;38;250;3;;;;;;;;;;;;;;;;;;;;;;;;;;;;;;;;;;;;;;;;;;;;;;;;;;;;;;;;;;;;;;;;;;;;;;100;;;;;;;;;;;;;;;
Piramutaba;Brachyplatystoma vaillantii;São Carlos;downriver Santo Antonio rapid;High-water;November;2010;43;1000;3;;;;;;;;;;;;;;;;;;;;;;;;;;;;;;;;;;;100;;;;;;;;;;;;;;;;;;;;;;;;;;;;;;;;;;;;;;;;;;;;;;;;;;
Piramutaba;Brachyplatystoma vaillantii;São Carlos;downriver Santo Antonio rapid;High-water;November;2010;42;500;3;;;;;;;;;;;;;;;;;;;;;;;;;;;;;;;;;;;;;;;;;;;;;;;;;;;100;;;;;;;;;;;;;;;;;;;;;;;;;;;;;;;;;;
Jau;Zungaro zungaro;Iata;upriver Jirau rapid;Low-water;August;2010;;;1;;;;;;;;;;;;;;;;;;;;;;;;;;;;;;;;;;;100;;;;;;;;;;;;;;;;;;;;;;;;;;;;;;;;;;;;;;;;;;;;;;;;;;
Jau;Zungaro zungaro;Iata;upriver Jirau rapid;Low-water;August;2010;;;3;;;;;;;;;;;;;;;;;;;;;;;;;;;;;;;;;;;;;;;;;;;;;;;;;;;;;;;;;;;;;;;;;;;;;;;;;;;;;;;;;;;100;;
Jau;Zungaro zungaro;Vila Murtinho;upriver Jirau rapid;Low-water;May;2010;;;1;;;100;;;;;;;;;;;;;;;;;;;;;;;;;;;;;;;;;;;;;;;;;;;;;;;;;;;;;;;;;;;;;;;;;;;;;;;;;;;;;;;;;;
Jau;Zungaro zungaro;Vila Murtinho;upriver Jirau rapid;High-water;April;2010;;;3;;;;;;;;;50;;;;;;;;;;;;;;;;;;;;;;;50;;;;;;;;;;;;;;;;;;;;;;;;;;;;;;;;;;;;;;;;;;;;;;;;;;;;;
Jau;Zungaro zungaro;Vila Murtinho;upriver Jirau rapid;High-water;April;2010;;;3;;;;;;;;;;;;;;;;;;;;;;;;;;;;;;;;;;;;;;100;;;;;;;;;;;;;;;;;;;;;;;;;;;;;;;;;;;;;;;;;;;;;;;
Jau;Zungaro zungaro;Vila Murtinho;upriver Jirau rapid;High-water;April;2010;;;3;;;;;;;;100;;;;;;;;;;;;;;;;;;;;;;;;;;;;;;;;;;;;;;;;;;;;;;;;;;;;;;;;;;;;;;;;;;;;;;;;;;;;;
Jau;Zungaro zungaro;Vila Murtinho;upriver Jirau rapid;High-water;April;2010;;;3;;;;;;;;;100;;;;;;;;;;;;;;;;;;;;;;;;;;;;;;;;;;;;;;;;;;;;;;;;;;;;;;;;;;;;;;;;;;;;;;;;;;;;
Jau;Zungaro zungaro;Vila Murtinho;upriver Jirau rapid;High-water;April;2010;;;3;;;;;;;;;;;;;;;;;;;;;;;;;;;;;;;;;;;;;;;;;;100;;;;;;;;;;;;;;;;;;;;;;;;;;;;;;;;;;;;;;;;;;;
Jau;Zungaro zungaro;Vila Murtinho;upriver Jirau rapid;High-water;April;2010;;;2;;;;;;;;;;;;;;;;;;;;;;;;;;;;;;;;;;;;;;;60;;;;;;;;;;;;;;;;;;;40;;;;;;;;;;;;;;;;;;;;;;;;;;;
Jau;Zungaro zungaro;Vila Murtinho;upriver Jirau rapid;High-water;April;2010;;;3;;;;;;;;;;;;;;;;;;;;;;;;;;;;;;;;;;;;;;;100;;;;;;;;;;;;;;;;;;;;;;;;;;;;;;;;;;;;;;;;;;;;;;
Jau;Zungaro zungaro;Vila Murtinho;upriver Jirau rapid;High-water;April;2010;;;2;;;;;;;;;;;;;;;;;;;;;;;;;;;;;;;;;;;;;;;50;;;;;;;;;;;;;;;;;;;50;;;;;;;;;;;;;;;;;;;;;;;;;;;
Jau;Zungaro zungaro;Vila Murtinho;upriver Jirau rapid;High-water;April;2010;;;3;;;;;;;;;;;;;;;;;;;;;;;;;;;;;;;;;;;;;;;;;;100;;;;;;;;;;;;;;;;;;;;;;;;;;;;;;;;;;;;;;;;;;;
Jau;Zungaro zungaro;Vila Murtinho;upriver Jirau rapid;High-water;April;2010;;;3;;;;;;;;;;;;;;;;;;;;;;;;;;;;;;;;;;;;;;;15;;;85;;;;;;;;;;;;;;;;;;;;;;;;;;;;;;;;;;;;;;;;;;;
Caparari;Pseudoplatystoma tigrinum;Guajará Mirim;upriver Jirau rapid;Low-water;June;2010;;;3;;;;;;;;;;;;;;;;;;;;;;;;;;;;;;;;;;;;;;;70;;;;;;;;;;;;;;;;;;;;;;;;;;;;;;;;;;;;;;;30;;;;;;;
Babão;Brachyplatystoma platynemum;Vila Murtinho;upriver Jirau rapid;High-water;April;2010;;;3;;;40;;;;;;;;;;;;;;;;;;;;;;;;;;;;;60;;;;;;;;;;;;;;;;;;;;;;;;;;;;;;;;;;;;;;;;;;;;;;;;;;;;;
Babão;Brachyplatystoma platynemum;Vila Murtinho;upriver Jirau rapid;High-water;March;2010;;;2;50;;;;;50;;;;;;;;;;;;;;;;;;;;;;;;;;;;;;;;;;;;;;;;;;;;;;;;;;;;;;;;;;;;;;;;;;;;;;;;;;;;;;;
Babão;Brachyplatystoma platynemum;Vila Murtinho;upriver Jirau rapid;High-water;April;2010;;;1;;;;;;10;;;;;;;;;;;;;;;;;;;;;;;;;;;;;;;;;;;;;;;;;;;;;;;;;;;;;;;;;;;;;;;;;;;;;;;;90;;;;;;;
Babão;Brachyplatystoma platynemum;Vila Murtinho;upriver Jirau rapid;High-water;April;2010;;;3;;;40;;;;;;;;;;;;;;;;;;;;;;;;;;;;;60;;;;;;;;;;;;;;;;;;;;;;;;;;;;;;;;;;;;;;;;;;;;;;;;;;;;;
Babão;Brachyplatystoma platynemum;Vila Murtinho;upriver Jirau rapid;High-water;March;2010;;;2;50;;;;;50;;;;;;;;;;;;;;;;;;;;;;;;;;;;;;;;;;;;;;;;;;;;;;;;;;;;;;;;;;;;;;;;;;;;;;;;;;;;;;;
Babão;Brachyplatystoma platynemum;Vila Murtinho;upriver Jirau rapid;High-water;April;2010;;;1;;;;;;10;;;;;;;;;;;;;;;;;;;;;;;;;;;;;;;;;;;;;;;;;;;;;;;;;;;;;;;;;;;;;;;;;;;;;;;;90;;;;;;;
Babão;Brachyplatystoma platynemum;Nova Mamoré;upriver Jirau rapid;Low-water;May;2010;;;1;100;;;;;;;;;;;;;;;;;;;;;;;;;;;;;;;;;;;;;;;;;;;;;;;;;;;;;;;;;;;;;;;;;;;;;;;;;;;;;;;;;;;;
Babão;Brachyplatystoma platynemum;Nova Mamoré;upriver Jirau rapid;Low-water;May;2010;;;1;;;;;;;;;;;;;;;100;;;;;;;;;;;;;;;;;;;;;;;;;;;;;;;;;;;;;;;;;;;;;;;;;;;;;;;;;;;;;;;;;;;;;;
Babão;Brachyplatystoma platynemum;Ribeirão ;upriver Jirau rapid;Low-water;August;2010;;;2;;;;;;;;;;;;;;;;;;;;;;90;;;;;;;;;;;;;10;;;;;;;;;;;;;;;;;;;;;;;;;;;;;;;;;;;;;;;;;;;;;;;;;;
Babão;Brachyplatystoma platynemum;Ribeirão ;upriver Jirau rapid;Low-water;August;2010;;;1;;;;;;40;;;60;;;;;;;;;;;;;;;;;;;;;;;;;;;;;;;;;;;;;;;;;;;;;;;;;;;;;;;;;;;;;;;;;;;;;;;;;;;;
Babão;Brachyplatystoma platynemum;Iata;upriver Jirau rapid;Low-water;August;2010;;;2;;;;;100;;;;;;;;;;;;;;;;;;;;;;;;;;;;;;;;;;;;;;;;;;;;;;;;;;;;;;;;;;;;;;;;;;;;;;;;;;;;;;;;
Babão;Brachyplatystoma platynemum;Iata;upriver Jirau rapid;Low-water;August;2010;;;2;;;;;;;;;;;;;;;;;;50;;;;;;;;;;;;;;;;;;;;;;;;;;;;;;;;;50;;;;;;;;;;;;;;;;;;;;;;;;;;;;;;;;;;
Babão;Brachyplatystoma platynemum;Cachoeira do Macaco;between Santo Antonio and Jirau rapids;Low-water;June;2010;;;1;;;;;;100;;;;;;;;;;;;;;;;;;;;;;;;;;;;;;;;;;;;;;;;;;;;;;;;;;;;;;;;;;;;;;;;;;;;;;;;;;;;;;;
Babão;Brachyplatystoma platynemum;Cachoeira do Macaco;between Santo Antonio and Jirau rapids;Low-water;June;2010;;;2;;;;;100;;;;;;;;;;;;;;;;;;;;;;;;;;;;;;;;;;;;;;;;;;;;;;;;;;;;;;;;;;;;;;;;;;;;;;;;;;;;;;;;
Babão;Brachyplatystoma platynemum;Cachoeira do Macaco;between Santo Antonio and Jirau rapids;Low-water;June;2010;;;1;100;;;;;;;;;;;;;;;;;;;;;;;;;;;;;;;;;;;;;;;;;;;;;;;;;;;;;;;;;;;;;;;;;;;;;;;;;;;;;;;;;;;;
Babão;Brachyplatystoma platynemum;Cachoeira do Macaco;between Santo Antonio and Jirau rapids;Low-water;June;2010;;;2;;;;;100;;;;;;;;;;;;;;;;;;;;;;;;;;;;;;;;;;;;;;;;;;;;;;;;;;;;;;;;;;;;;;;;;;;;;;;;;;;;;;;;
Piramutaba;Brachyplatystoma vaillantii;São Sebastião;downriver Santo Antonio rapid;High-water;December;2010;41;970;3;;;;;;100;;;;;;;;;;;;;;;;;;;;;;;;;;;;;;;;;;;;;;80;;;;;;;;;;;;;;;;;;;;;;;;;;;;;;;;;;;;;;;;;
Surubim;Pseudoplatystoma punctifer;São Carlos;downriver Santo Antonio rapid;Low-water;August;2011;53;2000;1;100;;;;;;;;;;;;;;;;;;;;;;;;;;;;;;;;;;;;;;;;;;;;;;;;;;;;;;;;;;;;;;;;;;;;;;;;;;;;;;;;;;;;
Surubim;Pseudoplatystoma punctifer;São Carlos;downriver Santo Antonio rapid;Low-water;August;2011;82;6000;2;;;;;;;;;;;;;;;;;;;;;;;;;;;;;;;;;;;;;;;;;;;;;;;;;;;;100;;;;;;;;;;;;;;;;;;;;;;;;;;;;;;;;;
Dourada;Brachyplatystoma rousseauxii;São Sebastião;downriver Santo Antonio rapid;High-water;january;2011;87;12000;3;;;;;;;;;;;;;;;;;;;;;;;;;;;;;;;;;;;;;;;;;;;;;;;;;;;;;;;;;;;;;;;;;;100;;;;;;;;;;;;;;;;;;;
Dourada;Brachyplatystoma rousseauxii;São Sebastião;downriver Santo Antonio rapid;High-water;january;2011;88;11000;2;100;;;;;;;;;;;;;;;;;;;;;;;;;;;;;;;;;;;;;;;;;;;;;;;;;;;;;;;;;;;;;;;;;;;;;;;;;;;;;;;;;;;;
Dourada;Brachyplatystoma rousseauxii;São Sebastião;downriver Santo Antonio rapid;High-water;january;2011;96;16000;3;;;;;;;;;;;;100;;;;;;;;;;;;;;;;;;;;;;;;;;;;;;;;;;;;;;;;;;;;;;;;;;;;;;;;;;;;;;;;;;;;;;;;;
Dourada;Brachyplatystoma rousseauxii;São Carlos;downriver Santo Antonio rapid;High-water;january;2011;90;13000;3;;;;;;;;;;;;;;;;;;;;;;;;;;;;;;;;;100;;;;;;;;;;;;;;;;;;;;;;;;;;;;;;;;;;;;;;;;;;;;;;;;;;;;
Dourada;Brachyplatystoma rousseauxii;São Carlos;downriver Santo Antonio rapid;High-water;january;2011;86;9000;3;;;;;;;;;;;;100;;;;;;;;;;;;;;;;;;;;;;;;;;;;;;;;;;;;;;;;;;;;;;;;;;;;;;;;;;;;;;;;;;;;;;;;;
Dourada;Brachyplatystoma rousseauxii;São Carlos;downriver Santo Antonio rapid;High-water;january;2011;103;18000;3;20;;;;;;;;;;;;;;;;;;;;;;;;;;;;;;;;;;;;;;;;;;;;80;;;;;;;;;;;;;;;;;;;;;;;;;;;;;;;;;;;;;;;;
Babão;Brachyplatystoma platynemum;São Carlos;downriver Santo Antonio rapid;High-water;january;2011;71;4000;3;;;;;;;;;;;;;;;;;;;;;;;;;;;;;;;;;;;;;;;;;;;;;;;;;;;;;;;;;;;;;;;;;;;;;;;;;;;;;;100;;;;;;;
Dourada;Brachyplatystoma rousseauxii;São Carlos;downriver Santo Antonio rapid;High-water;january;2011;79;8000;2;;;;;;;;;;;;;;;;;;;;;;;;;;;;;;;;;;;;;;100;;;;;;;;;;;;;;;;;;;;;;;;;;;;;;;;;;;;;;;;;;;;;;;
Dourada;Brachyplatystoma rousseauxii;Cachoeira Santo Antonio;downriver Santo Antonio rapid;High-water;january;2011;;;3;;;;;;;;;;;;;;;;;;;;;;;;;;;;;;;;;;100;;;;;;;;;;;;;;;;;;;;;;;;;;;;;;;;;;;;;;;;;;;;;;;;;;;
Filhote;Brachyplatystoma filamentosum;São Sebastião;downriver Santo Antonio rapid;High-water;February;2011;83;10000;3;;;;;;;;;;;;;;;;;;;;;;;;;;;;;;;;;;100;;;;;;;;;;;;;;;;;;;;;;;;;;;;;;;;;;;;;;;;;;;;;;;;;;;
Dourada;Brachyplatystoma rousseauxii;São Sebastião;downriver Santo Antonio rapid;High-water;February;2011;96;15000;3;;;;;;;;;;;;;;;;;;;;;;;;;;;;;;;;;;;;;;;;;;;;;;;100;;;;;;;;;;;;;;;;;;;;;;;;;;;;;;;;;;;;;;
Dourada;Brachyplatystoma rousseauxii;São Sebastião;downriver Santo Antonio rapid;High-water;February;2011;105;17000;3;;;;;;;;;;;;;;;;;;;;;;;;;;;;;;;;;;100;;;;;;;;;;;;;;;;;;;;;;;;;;;;;;;;;;;;;;;;;;;;;;;;;;;
Dourada;Brachyplatystoma rousseauxii;São Carlos;downriver Santo Antonio rapid;High-water;February;2011;105;18000;3;;;;;;;100;;;;;;;;;;;;;;;;;;;;;;;;;;;;;;;;;;;;;;;;;;;;;;;;;;;;;;;;;;;;;;;;;;;;;;;;;;;;;;
Babão;Brachyplatystoma platynemum;São Carlos;downriver Santo Antonio rapid;High-water;january;2011;79;6000;3;;;;;;;;;;;;;;;;;;;;;;;;;;;;;;;;;;;;;;;;;;;;;;;;;;;;;;;;;;;100;;;;;;;;;;;;;;;;;;;;;;;;;;
Filhote;Brachyplatystoma filamentosum;São Carlos;downriver Santo Antonio rapid;High-water;january;2011;93;13000;3;;;50;;;;;;;;;;;;;;;;;;;;;;;50;;;;;;;;;;;;;;;;;;;;;;;;;;;;;;;;;;;;;;;;;;;;;;;;;;;;;;;;;;;
Dourada;Brachyplatystoma rousseauxii;São Carlos;downriver Santo Antonio rapid;High-water;February;2011;93;13000;3;;;;;;;;;;;;;;;;;;;;;;;;;;;;;;;;;;;;;;;;;66,66;;;;;;;;;;;;;;;;;;;;;;;;;;;;;;;;;;;;;33,33;;;;;;;
Filhote;Brachyplatystoma filamentosum;São Carlos;downriver Santo Antonio rapid;High-water;February;2011;103;19000;3;;;;;;;;;;;;;;;;;;;;;;;;;;;;;;;;;;100;;;;;;;;;;;;;;;;;;;;;;;;;;;;;;;;;;;;;;;;;;;;;;;;;;;
Filhote;Brachyplatystoma filamentosum;São Carlos;downriver Santo Antonio rapid;High-water;February;2011;91;12000;2;;;100;;;;;;;;;;;;;;;;;;;;;;;;;;;;;;;;;;;;;;;;;;;;;;;;;;;;;;;;;;;;;;;;;;;;;;;;;;;;;;;;;;
Babão;Brachyplatystoma platynemum;São Carlos;downriver Santo Antonio rapid;High-water;February;2011;84;8000;3;;;;;;;;;;;;;;;;;;;;;;;;;;;;;;;;;;100;;;;;;;;;;;;;;;;;;;;;;;;;;;;;;;;;;;;;;;;;;;;;;;;;;;
Filhote;Brachyplatystoma filamentosum;Calama;downriver Santo Antonio rapid;High-water;january;2011;63;4500;2;;;;;;;;;;;;;;;;;;;;;;;;;;;;;;;;;;;;;;;;;;;;;;;;;;;;;;;;;;;;;;;;;;;100;;;;;;;;;;;;;;;;;;
Jau;Zungaro zungaro;Cujubim;downriver Santo Antonio rapid;High-water;February;2011;;;3;;;;;;;;;;;;;;;;;;;;;;;;;;;;;;;;;;;;;;;100;;;;;;;;;;;;;;;;;;;;;;;;;;;;;;;;;;;;;;;;;;;;;;
Filhote;Brachyplatystoma filamentosum;São Carlos;downriver Santo Antonio rapid;High-water;March;2011;81;9000;2;;;;;;;;;;;;100;;;;;;;;;;;;;;;;;;;;;;;;;;;;;;;;;;;;;;;;;;;;;;;;;;;;;;;;;;;;;;;;;;;;;;;;;
Dourada;Brachyplatystoma rousseauxii;São Sebastião;downriver Santo Antonio rapid;High-water;February;2011;97;13000;3;;;;;;;;;;;;;;;;;;;;;;;;;;;;;;;;;;100;;;;;;;;;;;;;;;;;;;;;;;;;;;;;;;;;;;;;;;;;;;;;;;;;;;
Filhote;Brachyplatystoma filamentosum;São Carlos;downriver Santo Antonio rapid;High-water;April;2011;93;13000;2;;;;;;;;;;;;100;;;;;;;;;;;;;;;;;;;;;;;;;;;;;;;;;;;;;;;;;;;;;;;;;;;;;;;;;;;;;;;;;;;;;;;;;
Dourada;Brachyplatystoma rousseauxii;São Sebastião;downriver Santo Antonio rapid;High-water;February;2011;82;10000;3;;;;;;;100;;;;;;;;;;;;;;;;;;;;;;;;;;;;;;;;;;;;;;;;;;;;;;;;;;;;;;;;;;;;;;;;;;;;;;;;;;;;;;
Dourada;Brachyplatystoma rousseauxii;São Sebastião;downriver Santo Antonio rapid;High-water;February;2011;90;13000;3;;;;;;;;;;;;;;;;;;;;;;;;;;;;;;;;;;100;;;;;;;;;;;;;;;;;;;;;;;;;;;;;;;;;;;;;;;;;;;;;;;;;;;
Piramutaba;Brachyplatystoma vaillantii;São Carlos;downriver Santo Antonio rapid;High-water;january;2011;59;3500;3;;;;;;;;;;;;;;;;;;;;;;;;;;;;;;;;;;;;;;;;;;;;;;;;;;;;;;;;;;;;;;;;;;100;;;;;;;;;;;;;;;;;;;
Piramutaba;Brachyplatystoma vaillantii;São Carlos;downriver Santo Antonio rapid;High-water;january;2011;39;600;2;;;;;;;;;;;;;;;;;;;;;;;;;;;;;;;;;;;90;;;;;;;;;;;;;;;;;;;;;;;;;;;;;;;;;;;;;;;;;;;10;;;;;;;
Piramutaba;Brachyplatystoma vaillantii;São Carlos;downriver Santo Antonio rapid;High-water;january;2011;;;2;100;;;;;;;;;;;;;;;;;;;;;;;;;;;;;;;;;;;;;;;;;;;;;;;;;;;;;;;;;;;;;;;;;;;;;;;;;;;;;;;;;;;;
Piramutaba;Brachyplatystoma vaillantii;São Carlos;downriver Santo Antonio rapid;High-water;january;2011;46;2000;2;;;;;;;;;;;;;;;;;;;;;;;;;;;;;;;;;;;;;;;;;;;;;;;;;;;;;;;;;;;;;;;;;;;;100;;;;;;;;;;;;;;;;;
Piramutaba;Brachyplatystoma vaillantii;São Carlos;downriver Santo Antonio rapid;High-water;February;2011;43;1000;2;;;;;;;;;;;;;;;;;;;;;;;;;;;;;;;;;;;;;;;;;;;;;;;;;;;;;;;;;;;;;;;;;;;;;;;;;;;;;;100;;;;;;;
Filhote;Brachyplatystoma filamentosum;São Sebastião;downriver Santo Antonio rapid;Low-water;August;2011;91;8000;3;;;;;;;;;;;;;;;;;;;;;;;;;;;100;;;;;;;;;;;;;;;;;;;;;;;;;;;;;;;;;;;;;;;;;;;;;;;;;;;;;;;;;;
Dourada;Brachyplatystoma rousseauxii;São Sebastião;downriver Santo Antonio rapid;Low-water;September;2011;77;6740;3;;;;;;;;;;;;;;;;;;;;;;;;;;;;;100;;;;;;;;;;;;;;;;;;;;;;;;;;;;;;;;;;;;;;;;;;;;;;;;;;;;;;;;
Piramutaba;Brachyplatystoma vaillantii;São Sebastião;downriver Santo Antonio rapid;Low-water;September;2011;37;690;2;;;;;;;;;;;;100;;;;;;;;;;;;;;;;;;;;;;;;;;;;;;;;;;;;;;;;;;;;;;;;;;;;;;;;;;;;;;;;;;;;;;;;;
Piramutaba;Brachyplatystoma vaillantii;São Sebastião;downriver Santo Antonio rapid;Low-water;September;2011;39;810;1;100;;;;;;;;;;;;;;;;;;;;;;;;;;;;;;;;;;;;;;;;;;;;;;;;;;;;;;;;;;;;;;;;;;;;;;;;;;;;;;;;;;;;
Filhote;Brachyplatystoma filamentosum;São Sebastião;downriver Santo Antonio rapid;Low-water;August;2011;88;8000;3;;;;;;;;;;;;;;;;;;;;;;;100;;;;;;;;;;;;;;;;;;;;;;;;;;;;;;;;;;;;;;;;;;;;;;;;;;;;;;;;;;;;;;
Dourada;Brachyplatystoma rousseauxii;São Sebastião;downriver Santo Antonio rapid;Low-water;August;2011;82;7000;3;;;;;;;;;;;;;;;;;;;;;;;;100;;;;;;;;;;;;;;;;;;;;;;;;;;;;;;;;;;;;;;;;;;;;;;;;;;;;;;;;;;;;;
Dourada;Brachyplatystoma rousseauxii;São Sebastião;downriver Santo Antonio rapid;Low-water;July;2011;50;1540;3;;;;;40;;;;;;;;;;;;;;;;;;;;;;;;;;;;;;;;;;;;;;;;;;;;;;;;;;;;;60;;;;;;;;;;;;;;;;;;;;;;;;;;;
Piramutaba;Brachyplatystoma vaillantii;São Sebastião;downriver Santo Antonio rapid;Low-water;September;2011;44;1280;3;;;;;;;;;;;;;;;;;;;;;;;;;;;;;;;;;;;100;;;;;;;;;;;;;;;;;;;;;;;;;;;;;;;;;;;;;;;;;;;;;;;;;;
Piramutaba;Brachyplatystoma vaillantii;São Sebastião;downriver Santo Antonio rapid;Low-water;July;2011;40;340;3;100;;;;;;;;;;;;;;;;;;;;;;;;;;;;;;;;;;;;;;;;;;;;;;;;;;;;;;;;;;;;;;;;;;;;;;;;;;;;;;;;;;;;
Babão;Brachyplatystoma platynemum;São Sebastião;downriver Santo Antonio rapid;Low-water;July;2011;52;2000;3;;;;;;;;;;;30;;;;;;;;;;;;;;;;;;;;;;;;;;;;;70;;;;;;;;;;;;;;;;;;;;;;;;;;;;;;;;;;;;;;;;;;;;;
Piramutaba;Brachyplatystoma vaillantii;São Sebastião;downriver Santo Antonio rapid;Low-water;September;2011;36;850;1;;;;;;;;;;;;;;;;;;;;;;;;;;;;;;;;;;;;;;;;;;;;;;;;;;;;;;;;;;;;;;;;;;;;;;;;;;;;;;;100;;;;;;
Piramutaba;Brachyplatystoma vaillantii;São Sebastião;downriver Santo Antonio rapid;Low-water;September;2011;42;1310;3;;;;;;;;;;;;;;;;;;;;;;;;;;;;;;;;;;;100;;;;;;;;;;;;;;;;;;;;;;;;;;;;;;;;;;;;;;;;;;;;;;;;;;
Piramutaba;Brachyplatystoma vaillantii;São Sebastião;downriver Santo Antonio rapid;Low-water;September;2011;35;690;1;;;;;;;;;;;;;;;;;;;;;;;;;;;;;;;;;;;;;;;;;;;;;;;;;;;;;;;;;;;;;;;;;;;;;;;;;;;;;;;100;;;;;;
Dourada;Brachyplatystoma rousseauxii;São Carlos;downriver Santo Antonio rapid;Low-water;August;2011;71;6040;3;;;;;;;;;;;;;;;;;;;;;;;;;;;;;100;;;;;;;;;;;;;;;;;;;;;;;;;;;;;;;;;;;;;;;;;;;;;;;;;;;;;;;;
Piramutaba;Brachyplatystoma vaillantii;São Carlos;downriver Santo Antonio rapid;Low-water;August;2011;30;340;1;100;;;;;;;;;;;;;;;;;;;;;;;;;;;;;;;;;;;;;;;;;;;;;;;;;;;;;;;;;;;;;;;;;;;;;;;;;;;;;;;;;;;;
Piramutaba;Brachyplatystoma vaillantii;São Carlos;downriver Santo Antonio rapid;Low-water;September;2011;30;400;2;100;;;;;;;;;;;;;;;;;;;;;;;;;;;;;;;;;;;;;;;;;;;;;;;;;;;;;;;;;;;;;;;;;;;;;;;;;;;;;;;;;;;;
Piramutaba;Brachyplatystoma vaillantii;São Carlos;downriver Santo Antonio rapid;Low-water;August;2011;30;380;2;;;;;;100;;;;;;;;;;;;;;;;;;;;;;;;;;;;;;;;;;;;;;;;;;;;;;;;;;;;;;;;;;;;;;;;;;;;;;;;;;;;;;;
Piramutaba;Brachyplatystoma vaillantii;São Carlos;downriver Santo Antonio rapid;Low-water;September;2011;34;420;3;;;;;;100;;;;;;;;;;;;;;;;;;;;;;;;;;;;;;;;;;;;;;;;;;;;;;;;;;;;;;;;;;;;;;;;;;;;;;;;;;;;;;;
Piramutaba;Brachyplatystoma vaillantii;São Carlos;downriver Santo Antonio rapid;Low-water;August;2011;32;420;1;100;;;;;;;;;;;;;;;;;;;;;;;;;;;;;;;;;;;;;;;;;;;;;;;;;;;;;;;;;;;;;;;;;;;;;;;;;;;;;;;;;;;;
Piramutaba;Brachyplatystoma vaillantii;São Carlos;downriver Santo Antonio rapid;Low-water;August;2011;31;420;2;;100;;;;;;;;;;;;;;;;;;;;;;;;;;;;;;;;;;;;;;;;;;;;;;;;;;;;;;;;;;;;;;;;;;;;;;;;;;;;;;;;;;;
Dourada;Brachyplatystoma rousseauxii;São Sebastião;downriver Santo Antonio rapid;Low-water;May;2011;85;11000;2;;;;;;;;;;;;;;;;;;;;;;;;;;;;;;;;;;100;;;;;;;;;;;;;;;;;;;;;;;;;;;;;;;;;;;;;;;;;;;;;;;;;;;
Piramutaba;Brachyplatystoma vaillantii;São Sebastião;downriver Santo Antonio rapid;Low-water;May;2011;48;2000;2;;;40;;;;;;;;;;;;;;;;;;;;;;;;;;;;;;;;;;;;;;;60;;;;;;;;;;;;;;;;;;;;;;;;;;;;;;;;;;;;;;;;;;;
Piramutaba;Brachyplatystoma vaillantii;São Sebastião;downriver Santo Antonio rapid;Low-water;May;2011;57;3000;2;;;;;;;;;;;;;;;;;;;;;;;;;;;;;;;;;;;;;;;;;;;;;;;;;;;;;;;;;;;;;;;;;;;;;;;100;;;;;;;;;;;;;;
Piramutaba;Brachyplatystoma vaillantii;São Sebastião;downriver Santo Antonio rapid;Low-water;June;2011;52;2200;2;;;;;;;;;;;;;;;;100;;;;;;;;;;;;;;;;;;;;;;;;;;;;;;;;;;;;;;;;;;;;;;;;;;;;;;;;;;;;;;;;;;;;;
Piramutaba;Brachyplatystoma vaillantii;São Sebastião;downriver Santo Antonio rapid;Low-water;June;2011;37;780;2;;;;;;;;;;;;;;;;100;;;;;;;;;;;;;;;;;;;;;;;;;;;;;;;;;;;;;;;;;;;;;;;;;;;;;;;;;;;;;;;;;;;;;
Piramutaba;Brachyplatystoma vaillantii;São Sebastião;downriver Santo Antonio rapid;Low-water;June;2011;46;1340;2;;;;;;;;;;;;;;;;;;;;;;;;;;;;;;;;;;;;;50;;;;;;;;;;;;;;;;;;;;;;;;;;;;50;;;;;;;;;;;;;;;;;;;;
Piramutaba;Brachyplatystoma vaillantii;São Sebastião;downriver Santo Antonio rapid;Low-water;June;2011;43;1160;2;;;;;;;;;;;;;;;;100;;;;;;;;;;;;;;;;;;;;;;;;;;;;;;;;;;;;;;;;;;;;;;;;;;;;;;;;;;;;;;;;;;;;;
Piramutaba;Brachyplatystoma vaillantii;São Sebastião;downriver Santo Antonio rapid;Low-water;May;2011;36;1000;3;;;100;;;;;;;;;;;;;;;;;;;;;;;;;;;;;;;;;;;;;;;;;;;;;;;;;;;;;;;;;;;;;;;;;;;;;;;;;;;;;;;;;;
Piramutaba;Brachyplatystoma vaillantii;São Sebastião;downriver Santo Antonio rapid;Low-water;May;2011;45;1500;2;;;;;;;;;;;;;;;;;;;;;;;;;;;;;;;;;;;;;;;;;;;;100;;;;;;;;;;;;;;;;;;;;;;;;;;;;;;;;;;;;;;;;;
Piramutaba;Brachyplatystoma vaillantii;São Sebastião;downriver Santo Antonio rapid;Low-water;June;2011;41;960;2;;;;;;100;;;;;;;;;;;;;;;;;;;;;;;;;;;;;;;;;;;;;;;;;;;;;;;;;;;;;;;;;;;;;;;;;;;;;;;;;;;;;;;
Piramutaba;Brachyplatystoma vaillantii;São Sebastião;downriver Santo Antonio rapid;Low-water;May;2011;24;400;2;;;;;;100;;;;;;;;;;;;;;;;;;;;;;;;;;;;;;;;;;;;;;;;;;;;;;;;;;;;;;;;;;;;;;;;;;;;;;;;;;;;;;;
Filhote;Brachyplatystoma filamentosum;São Sebastião;downriver Santo Antonio rapid;Low-water;May;2011;95;11000;3;;;;;;;;;;;;;;;;;;;;;;;;;;;;;;;;;;;;100;;;;;;;;;;;;;;;;;;;;;;;;;;;;;;;;;;;;;;;;;;;;;;;;;
Filhote;Brachyplatystoma filamentosum;São Sebastião;downriver Santo Antonio rapid;Low-water;May;2011;85;9000;3;;;;;;;;;;;;;;;;;;;;;;;;;;;;;;;;;;;;100;;;;;;;;;;;;;;;;;;;;;;;;;;;;;;;;;;;;;;;;;;;;;;;;;
Piramutaba;Brachyplatystoma vaillantii;São Sebastião;downriver Santo Antonio rapid;Low-water;June;2011;46;1200;2;;;;;;;;;;;;;;;;100;;;;;;;;;;;;;;;;;;;;;;;;;;;;;;;;;;;;;;;;;;;;;;;;;;;;;;;;;;;;;;;;;;;;;
Piramutaba;Brachyplatystoma vaillantii;São Sebastião;downriver Santo Antonio rapid;Low-water;May;2011;23;600;1;100;;;;;;;;;;;;;;;;;;;;;;;;;;;;;;;;;;;;;;;;;;;;;;;;;;;;;;;;;;;;;;;;;;;;;;;;;;;;;;;;;;;;
Piramutaba;Brachyplatystoma vaillantii;São Sebastião;downriver Santo Antonio rapid;Low-water;June;2011;56;2780;1;100;;;;;;;;;;;;;;;;;;;;;;;;;;;;;;;;;;;;;;;;;;;;;;;;;;;;;;;;;;;;;;;;;;;;;;;;;;;;;;;;;;;;
Piramutaba;Brachyplatystoma vaillantii;São Sebastião;downriver Santo Antonio rapid;Low-water;June;2011;40;960;3;;;;;;;;;;;;;;;;;;;;;;;;;;;;;;;;;;;100;;;;;;;;;;;;;;;;;;;;;;;;;;;;;;;;;;;;;;;;;;;;;;;;;;
Piramutaba;Brachyplatystoma vaillantii;São Sebastião;downriver Santo Antonio rapid;Low-water;June;2011;42;1240;2;;;40;;;;;;;;;;;;;;;;;;;;;;;;;;;;;;;;;;;;;;;;;;;;;;60;;;;;;;;;;;;;;;;;;;;;;;;;;;;;;;;;;;;
Piramutaba;Brachyplatystoma vaillantii;São Sebastião;downriver Santo Antonio rapid;Low-water;May;2011;29;700;1;;;;;100;;;;;;;;;;;;;;;;;;;;;;;;;;;;;;;;;;;;;;;;;;;;;;;;;;;;;;;;;;;;;;;;;;;;;;;;;;;;;;;;
Piramutaba;Brachyplatystoma vaillantii;São Sebastião;downriver Santo Antonio rapid;Low-water;June;2011;40;940;1;100;;;;;;;;;;;;;;;;;;;;;;;;;;;;;;;;;;;;;;;;;;;;;;;;;;;;;;;;;;;;;;;;;;;;;;;;;;;;;;;;;;;;
Piramutaba;Brachyplatystoma vaillantii;São Sebastião;downriver Santo Antonio rapid;Low-water;May;2011;40;1000;2;;;;;;;;;;;;;;;;;;;;;;;;;;;;;;;;;;;;;;;;;;100;;;;;;;;;;;;;;;;;;;;;;;;;;;;;;;;;;;;;;;;;;;
Piramutaba;Brachyplatystoma vaillantii;São Sebastião;downriver Santo Antonio rapid;Low-water;June;2011;33;540;2;;;;;;100;;;;;;;;;;;;;;;;;;;;;;;;;;;;;;;;;;;;;;;;;;;;;;;;;;;;;;;;;;;;;;;;;;;;;;;;;;;;;;;
Piramutaba;Brachyplatystoma vaillantii;São Sebastião;downriver Santo Antonio rapid;Low-water;June;2011;62;3840;3;20;;30;;;;;;;;;;;;;30;;;20;;;;;;;;;;;;;;;;;;;;;;;;;;;;;;;;;;;;;;;;;;;;;;;;;;;;;;;;;;;;;;;;;;
Piramutaba;Brachyplatystoma vaillantii;São Sebastião;downriver Santo Antonio rapid;Low-water;May;2011;57;3000;3;;;;;;;;;;;;;;;;;;;;;;;;;;;;;;;;;;;;;100;;;;;;;;;;;;;;;;;;;;;;;;;;;;;;;;;;;;;;;;;;;;;;;;
Piramutaba;Brachyplatystoma vaillantii;São Sebastião;downriver Santo Antonio rapid;Low-water;June;2011;35;540;2;;;;;;;;;;;;;;;;;;;;;;;;;;;;;;;;;;;100;;;;;;;;;;;;;;;;;;;;;;;;;;;;;;;;;;;;;;;;;;;;;;;;;;
Dourada;Brachyplatystoma rousseauxii;São Carlos;downriver Santo Antonio rapid;High-water;April;2011;82;8000;3;;;;;;;;;;;;;;;;;;;;;;;;;;;;;;;;;;;100;;;;;;;;;;;;;;;;;;;;;;;;;;;;;;;;;;;;;;;;;;;;;;;;;;
Dourada;Brachyplatystoma rousseauxii;São Carlos;downriver Santo Antonio rapid;Low-water;September;2011;1015;13100;3;;;;;;;;;;;;;;;;;;;;;;;;;;;;;80;;;;;;;;;;;;;20;;;;;;;;;;;;;;;;;;;;;;;;;;;;;;;;;;;;;;;;;;;
Piramutaba;Brachyplatystoma vaillantii;São Carlos;downriver Santo Antonio rapid;Low-water;September;2011;32;460;2;100;;;;;;;;;;;;;;;;;;;;;;;;;;;;;;;;;;;;;;;;;;;;;;;;;;;;;;;;;;;;;;;;;;;;;;;;;;;;;;;;;;;;
Filhote;Brachyplatystoma filamentosum;São Carlos;downriver Santo Antonio rapid;High-water;April;2011;90;11000;1;;;;;;100;;;;;;;;;;;;;;;;;;;;;;;;;;;;;;;;;;;;;;;;;;;;;;;;;;;;;;;;;;;;;;;;;;;;;;;;;;;;;;;
Piramutaba;Brachyplatystoma vaillantii;São Carlos;downriver Santo Antonio rapid;Low-water;September;2011;31;460;2;100;;;;;;;;;;;;;;;;;;;;;;;;;;;;;;;;;;;;;;;;;;;;;;;;;;;;;;;;;;;;;;;;;;;;;;;;;;;;;;;;;;;;
Filhote;Brachyplatystoma filamentosum;Calama;downriver Santo Antonio rapid;Low-water;May;2011;;15000;2;;;;;;;;;;;;;;;;;100;;;;;;;;;;;;;;;;;;;;;;;;;;;;;;;;;;;;;;;;;;;;;;;;;;;;;;;;;;;;;;;;;;;;
Filhote;Brachyplatystoma filamentosum;Calama;downriver Santo Antonio rapid;Low-water;May;2011;111;24000;3;;;;;;;;;;;;;;;;;;;;;;;;;;;;;;;100;;;;;;;;;;;;;;;;;;;;;;;;;;;;;;;;;;;;;;;;;;;;;;;;;;;;;;
Filhote;Brachyplatystoma filamentosum;Calama;downriver Santo Antonio rapid;Low-water;June;2011;64;4000;3;;;;;;;;;;;;;;;;;;;;;;;;;;;;;;;;;;;;;;;;;;;;;;;;;;100;;;;;;;;;;;;;;;;;;;;;;;;;;;;;;;;;;;
Filhote;Brachyplatystoma filamentosum;Calama;downriver Santo Antonio rapid;Low-water;June;2011;101;12140;2;;;;;;;;;;;;;;;;100;;;;;;;;;;;;;;;;;;;;;;;;;;;;;;;;;;;;;;;;;;;;;;;;;;;;;;;;;;;;;;;;;;;;;
Dourada;Brachyplatystoma rousseauxii;Calama;downriver Santo Antonio rapid;Low-water;May;2011;88;8830;2;;;;;;;;;;;;;;;;;;;;;;;;;;;;;;;;;;100;;;;;;;;;;;;;;;;;;;;;;;;;;;;;;;;;;;;;;;;;;;;;;;;;;;
Piramutaba;Brachyplatystoma vaillantii;São Sebastião;downriver Santo Antonio rapid;Low-water;June;2011;38;820;2;;;;;100;;;;;;;;;;;;;;;;;;;;;;;;;;;;;;;;;;;;;;;;;;;;;;;;;;;;;;;;;;;;;;;;;;;;;;;;;;;;;;;;
Piramutaba;Brachyplatystoma vaillantii;São Sebastião;downriver Santo Antonio rapid;Low-water;June;2011;36;740;2;;;;;;;;;;;;;;;;;;;;;;;;;;;;;;;;;;;100;;;;;;;;;;;;;;;;;;;;;;;;;;;;;;;;;;;;;;;;;;;;;;;;;;
Piramutaba;Brachyplatystoma vaillantii;São Sebastião;downriver Santo Antonio rapid;Low-water;June;2011;36;400;3;;;;;;;;;;;;;;;;;;;;;;;;;;;;;;;;;;;100;;;;;;;;;;;;;;;;;;;;;;;;;;;;;;;;;;;;;;;;;;;;;;;;;;
Piramutaba;Brachyplatystoma vaillantii;São Sebastião;downriver Santo Antonio rapid;Low-water;June;2011;33;480;3;;;;;;;;;;;;;;;;;;;;;;;;;;;;;;;;;;;;;;;;;;;;;;;;;;;;;;;;;;;;;;20;;;;;;;;;;;;;;;;80;;;;;;;
Piramutaba;Brachyplatystoma vaillantii;São Sebastião;downriver Santo Antonio rapid;Low-water;June;2011;32;800;3;;;;;;20;;;20;;;;;;;;;;;;;;;;;;;;;;;;;;55;;;;;;;;;;;;;;;;;;;;;;;;;;;;;;;;;;;;;;;;;;;;;;;;;5;
Piramutaba;Brachyplatystoma vaillantii;São Sebastião;downriver Santo Antonio rapid;Low-water;June;2011;56;2000;2;;;;;;;;;;;;;;;;;;;;;;;;;;;;;;;;;;;;;;;;;;;;;;;;;;;;;;;;;;;;;;;;;;;;;;;;;;;;;;100;;;;;;;
Piramutaba;Brachyplatystoma vaillantii;São Sebastião;downriver Santo Antonio rapid;Low-water;June;2011;39;810;3;15;;;;;15;;;;;;;;;;;;;;;;;;;;;;;;;;;;;;;;;;;;;;40;;;;;;;;;;;;;;;;;;;;;;;;;;;;;;;;;;30;;;;;;;
Piramutaba;Brachyplatystoma vaillantii;São Sebastião;downriver Santo Antonio rapid;Low-water;June;2011;45;1500;3;10;;;;;;;;;;;;;;;;;;;10;;;;;;;;;;;;;;;10;;;;;;;;;;;;;;;;;;;;;;;;;;;;;;;;;;;;;;;;;;;70;;;;;;;
Piramutaba;Brachyplatystoma vaillantii;São Sebastião;downriver Santo Antonio rapid;Low-water;June;2011;37;500;3;;;;;;;;;;;;;;;;;;;;;;;;;;;;;;;;;;;50;;;;;;;;;;;;;;;;;;;;;;;;;;;;;;;;;;;;;;;;;;;50;;;;;;;
Piramutaba;Brachyplatystoma vaillantii;São Sebastião;downriver Santo Antonio rapid;Low-water;June;2011;58;1600;3;;;;;;;;;;;;;;;;;;;;;;;;;;;;;;;;;;;;;;;;;;;;;;;;;;;100;;;;;;;;;;;;;;;;;;;;;;;;;;;;;;;;;;
Piramutaba;Brachyplatystoma vaillantii;São Sebastião;downriver Santo Antonio rapid;Low-water;June;2011;52;2180;2;100;;;;;;;;;;;;;;;;;;;;;;;;;;;;;;;;;;;;;;;;;;;;;;;;;;;;;;;;;;;;;;;;;;;;;;;;;;;;;;;;;;;;
Piramutaba;Brachyplatystoma vaillantii;São Sebastião;downriver Santo Antonio rapid;Low-water;June;2011;52;1880;2;;;;;;;;;;;;100;;;;;;;;;;;;;;;;;;;;;;;;;;;;;;;;;;;;;;;;;;;;;;;;;;;;;;;;;;;;;;;;;;;;;;;;;
Piramutaba;Brachyplatystoma vaillantii;São Sebastião;downriver Santo Antonio rapid;Low-water;June;2011;48;1000;1;100;;;;;;;;;;;;;;;;;;;;;;;;;;;;;;;;;;;;;;;;;;;;;;;;;;;;;;;;;;;;;;;;;;;;;;;;;;;;;;;;;;;;
Piramutaba;Brachyplatystoma vaillantii;São Sebastião;downriver Santo Antonio rapid;Low-water;June;2011;43;600;1;100;;;;;;;;;;;;;;;;;;;;;;;;;;;;;;;;;;;;;;;;;;;;;;;;;;;;;;;;;;;;;;;;;;;;;;;;;;;;;;;;;;;;
Piramutaba;Brachyplatystoma vaillantii;São Sebastião;downriver Santo Antonio rapid;Low-water;June;2011;49;840;1;100;;;;;;;;;;;;;;;;;;;;;;;;;;;;;;;;;;;;;;;;;;;;;;;;;;;;;;;;;;;;;;;;;;;;;;;;;;;;;;;;;;;;
Piramutaba;Brachyplatystoma vaillantii;São Sebastião;downriver Santo Antonio rapid;Low-water;June;2011;33;600;1;100;;;;;;;;;;;;;;;;;;;;;;;;;;;;;;;;;;;;;;;;;;;;;;;;;;;;;;;;;;;;;;;;;;;;;;;;;;;;;;;;;;;;
Piramutaba;Brachyplatystoma vaillantii;São Sebastião;downriver Santo Antonio rapid;Low-water;June;2011;46;1200;2;80;;;;;;;;;;;;;;;;;;;;;;;;;;;;;;;;;;;;;;;;;;;;;;;;;;;;;;;;;;;;;;;;;;;;;;;;;;;;;;;5;;5;;;10
Piramutaba;Brachyplatystoma vaillantii;São Sebastião;downriver Santo Antonio rapid;Low-water;June;2011;36;420;3;;;;;;;;;;;;;;;;;;;;;;;;;;;;;;;;;;;;;;;;;;;;;;;;;;;;;;;;;;;;;;;;;;;;;;;;;;;;;;100;;;;;;;
Piramutaba;Brachyplatystoma vaillantii;São Sebastião;downriver Santo Antonio rapid;Low-water;June;2011;35;520;3;100;;;;;;;;;;;;;;;;;;;;;;;;;;;;;;;;;;;;;;;;;;;;;;;;;;;;;;;;;;;;;;;;;;;;;;;;;;;;;;;;;;;;
Piramutaba;Brachyplatystoma vaillantii;São Sebastião;downriver Santo Antonio rapid;Low-water;June;2011;40;1000;3;60;;20;;;;;;;;;;;;;;;;;;;;;;;;;;;;;;;;;;;;;;;;;;;;;;;;;;;;;;;;;;;;;;;;;20;;;;;;;;;;;;;;;;;
Piramutaba;Brachyplatystoma vaillantii;Cachoeira do Teotônio;between Santo Antonio and Jirau rapids;High-water;April;2011;33;535;2;;;;;;;;;;20;;;;;;;;;;;;;;;;;;;;;;;;;;;;;;;;;;80;;;;;;;;;;;;;;;;;;;;;;;;;;;;;;;;;;;;;;;;;